sensor_a,sensor_b,correlation,approx_distance,same_floor
A001,A002,0.8645157242644954,0.0999999999999999,True
A001,A003,0.9299897881495928,0.7244308110509933,True
A001,A004,0.9256624576208689,0.5780138406647369,True
A001,A005,0.8979980596180474,0.7472616676907762,True
A001,A006,0.906184263855934,0.4159326868617084,True
A001,A007,0.9482557582895296,0.42,True
A001,A008,0.9633259362629856,0.27,True
A001,A009,0.9579783122210336,0.12,True
A001,A010,0.8935363008638711,0.02,False
A001,A011,0.7361053627579457,0.16,False
A001,A012,0.6769440520643643,0.4827007354458867,False
A001,A013,0.8233515578311473,0.700357051795725,False
A001,A014,0.9201204964573766,0.3705401462729781,False
A001,A015,0.9253117652808558,0.7083078426785913,False
A001,A016,0.8950347724388087,0.6902897942168926,False
A001,A017,0.9174552266754232,0.7564390259630976,False
A001,A018,0.8954642017887058,0.9479451460923252,False
A001,A019,0.9183784204931664,0.31,False
A001,A020,0.9291522016055634,0.0999999999999999,False
A001,A021,0.9170250322606572,0.3860051813123756,False
A001,A022,0.9314543861986824,0.3705401462729781,False
A001,A023,0.918457326702036,0.4827007354458867,False
A001,A024,0.8861489579121891,0.6987131027825368,False
A001,A025,0.9408511803700406,0.1099999999999999,False
A001,A026,0.9478664535411268,0.31,False
A001,A027,0.9505806289310056,0.16,False
A001,A028,0.9401450050159804,0.02,False
A001,A029,0.9321514820844804,0.7083078426785913,False
A001,A030,0.9310320466614398,0.7564390259630976,False
A001,A031,0.9360231967861397,0.9479451460923252,False
A001,A032,0.911287965746712,0.3238826948140328,False
A001,A033,0.8260347138590056,0.0447213595499958,False
A001,A034,0.8982858599835508,0.737563556583431,False
A001,A035,0.918501271582533,0.7206247289678588,False
A001,A036,0.9210815921390392,0.4119465984809196,False
A001,A037,0.9707192639401676,0.37,False
A001,A038,0.9382289349904734,0.2531797780234432,False
A001,A039,0.8518845240608968,0.1264911064067352,False
A001,A040,0.9642811932504076,0.5467174773134658,False
A001,A041,0.8548900161973106,0.9060353193998564,False
A001,A042,0.1070350576949248,0.8335466393669883,False
A001,A043,0.8567291183134732,0.7655063683601855,False
A001,A044,0.9476295638233936,0.4360045871318328,False
A001,A045,0.9498568287839916,0.3860051813123756,False
A001,A046,0.947025813118223,0.4827007354458867,False
A001,A047,0.9283604392511702,0.7083078426785913,False
A001,A048,0.8957708522206449,0.8130190649671137,False
A001,A049,0.9173894944619252,0.7523961722390671,False
A001,A050,0.8250271026185713,0.4304648650006176,False
A001,A051,0.9215502764880916,0.7083078426785913,False
A001,A052,0.9167135545439596,0.6902897942168926,False
A001,A053,0.5075103938594294,0.560357029044876,False
A001,A054,0.9445612855218524,0.3006659275674581,False
A001,A055,0.9182168253288118,0.0223606797749979,False
A001,A056,0.95197474943521,0.3705401462729781,False
A002,A003,0.8683191817408134,0.7202777242147642,True
A002,A004,0.8070756893062829,0.6435060217278467,True
A002,A005,0.820099272007778,0.72691127381545,True
A002,A006,0.8607211734161725,0.4110960958218893,True
A002,A007,0.8546830166349854,0.52,True
A002,A008,0.8762492356779964,0.37,True
A002,A009,0.8399518476126648,0.2199999999999999,True
A002,A010,0.8443639424276661,0.12,False
A002,A011,0.6298151017317712,0.26,False
A002,A012,0.6636532716312512,0.552268050859363,False
A002,A013,0.7237398659334849,0.6902897942168926,False
A002,A014,0.8397185045117046,0.3889730067755345,False
A002,A015,0.8479930116459194,0.7373601562330311,False
A002,A016,0.8098012703666406,0.700357051795725,False
A002,A017,0.8275793507218389,0.8026207074328445,False
A002,A018,0.8209429909061506,1.0191172650877818,False
A002,A019,0.8345267252336819,0.41,False
A002,A020,0.8385528960254137,0.0,False
A002,A021,0.8290735277388551,0.3701351104664349,False
A002,A022,0.8550344890733671,0.3889730067755345,False
A002,A023,0.8015864210249669,0.552268050859363,False
A002,A024,0.7966488606921212,0.6900724599634447,False
A002,A025,0.863280164546031,0.01,False
A002,A026,0.862544059001541,0.41,False
A002,A027,0.8724407539714937,0.26,False
A002,A028,0.8674204283340601,0.12,False
A002,A029,0.8239184560207418,0.7373601562330311,False
A002,A030,0.846463652569553,0.8026207074328445,False
A002,A031,0.8452550583255333,1.0191172650877818,False
A002,A032,0.8333771283396323,0.3534119409414458,False
A002,A033,0.7812165753145577,0.0894427190999915,False
A002,A034,0.8208946366879873,0.7224956747275377,False
A002,A035,0.8301267830028394,0.723394774656273,False
A002,A036,0.8351561510320304,0.5115662224971465,False
A002,A037,0.8505099315138435,0.4134005321718877,False
A002,A038,0.8609996300366861,0.3522782990761707,False
A002,A039,0.7503074451746986,0.2236067977499789,False
A002,A040,0.8378732977707827,0.6268173577685928,False
A002,A041,0.7787079767759477,0.97,False
A002,A042,0.1991644551821916,0.8881441324469806,False
A002,A043,0.7219535108066623,0.8049844718999243,False
A002,A044,0.8405878435734464,0.5020956084253276,False
A002,A045,0.863835235430119,0.3701351104664349,False
A002,A046,0.850602646918671,0.552268050859363,False
A002,A047,0.7982613528730834,0.7373601562330311,False
A002,A048,0.8153184685664593,0.8700574693662482,False
A002,A049,0.8302507268078981,0.7975587752636165,False
A002,A050,0.7822551585517428,0.5303772242470448,False
A002,A051,0.8231848689815079,0.6926037828369117,False
A002,A052,0.8118641142779286,0.700357051795725,False
A002,A053,0.3792551259191487,0.660302960768767,False
A002,A054,0.8549420540543434,0.4004996878900157,False
A002,A055,0.8408466833616981,0.1118033988749894,False
A002,A056,0.8426032367809052,0.3889730067755345,False
A003,A004,0.9119183020274364,0.5024937810560445,True
A003,A005,0.9511270657377048,0.12,True
A003,A006,0.947484892758754,0.3101612483854165,True
A003,A007,0.9625281474534092,0.876584280032445,True
A003,A008,0.9422399345574032,0.8005623023850174,True
A003,A009,0.9378520489143392,0.7472616676907762,True
A003,A010,0.90651892466634,0.72691127381545,False
A003,A011,0.7206210211968973,0.758946638440411,False
A003,A012,0.791782518617002,0.5240229002629561,False
A003,A013,0.8040556896511786,0.05,False
A003,A014,0.9231134895687628,0.3640054944640258,False
A003,A015,0.9528723045567932,0.2418677324489564,False
A003,A016,0.914795847098479,0.1044030650891054,False
A003,A017,0.9367101430147275,0.3911521443121589,False
A003,A018,0.9038204685331648,0.7306161783043131,False
A003,A019,0.9352516726376358,0.8188406438373708,False
A003,A020,0.9291614428249818,0.7202777242147642,False
A003,A021,0.9074837818053888,0.3512833614050059,False
A003,A022,0.9103350934505606,0.3640054944640258,False
A003,A023,0.8472430446189043,0.5240229002629561,False
A003,A024,0.8692397503414364,0.0424264068711928,False
A003,A025,0.9326492461634536,0.7206247289678588,False
A003,A026,0.9285810634816548,0.8188406438373708,False
A003,A027,0.9348583373662056,0.758946638440411,False
A003,A028,0.9426861722655926,0.72691127381545,False
A003,A029,0.8960717458894852,0.2418677324489564,False
A003,A030,0.8893402717266675,0.3911521443121589,False
A003,A031,0.9274591250589078,0.7306161783043131,False
A003,A032,0.8747192449861191,0.4205948168962618,False
A003,A033,0.7980041385790934,0.7623647421018367,False
A003,A034,0.8811785292247705,0.08,False
A003,A035,0.8833445523042355,0.0499999999999999,False
A003,A036,0.9154442609657236,0.904267659490264,False
A003,A037,0.930056231912105,0.4205948168962617,False
A003,A038,0.9391139624174538,0.8285529554590944,False
A003,A039,0.8053033483017976,0.78587530817554,False
A003,A040,0.9423342124645456,0.6220128616033593,False
A003,A041,0.9198562866950613,0.6299999999999999,False
A003,A042,0.1312299226969558,0.4999999999999999,False
A003,A043,0.8197355895655017,0.3399999999999999,False
A003,A044,0.926310946546008,0.5024937810560445,False
A003,A045,0.9467049999005934,0.3512833614050059,False
A003,A046,0.9318671370801832,0.5240229002629561,False
A003,A047,0.889165995805508,0.2418677324489564,False
A003,A048,0.8827969066885568,0.5108815909777921,False
A003,A049,0.9245932055307629,0.3811823710509183,False
A003,A050,0.8364385956975692,0.8987213138676527,False
A003,A051,0.932881122314721,0.0854400374531753,False
A003,A052,0.9197593388659384,0.1044030650891054,False
A003,A053,0.4853241822387645,0.9783659846908006,False
A003,A054,0.9362689113196864,0.8318653737234168,False
A003,A055,0.9195327243375,0.7454528824815154,False
A003,A056,0.9403914683576248,0.3640054944640258,False
A004,A005,0.8932017547322583,0.6083584469702051,True
A004,A006,0.9281570021787624,0.422965719651132,True
A004,A007,0.912322978159076,0.4652956049652736,True
A004,A008,0.93248434108398,0.46690470119715,True
A004,A009,0.9313946518046508,0.5142956348249516,True
A004,A010,0.9252387565648408,0.5661271941887264,False
A004,A011,0.7827637112214206,0.497694685525172,False
A004,A012,0.6907665361086756,0.098488578017961,False
A004,A013,0.8655810544453264,0.5232590180780452,False
A004,A014,0.9378616457045014,0.3420526275297413,False
A004,A015,0.9098128000719444,0.2983286778035259,False
A004,A016,0.8720310030163034,0.4022437072223753,False
A004,A017,0.9111918042615728,0.233452350598575,False
A004,A018,0.9198518057128464,0.378021163428716,False
A004,A019,0.9266500881420756,0.4617358552246077,False
A004,A020,0.9596647106480692,0.6435060217278467,False
A004,A021,0.9305343669892342,0.4687216658103185,False
A004,A022,0.9233133785010548,0.3420526275297413,False
A004,A023,0.8849343787869159,0.098488578017961,False
A004,A024,0.9005494979847343,0.5142956348249516,False
A004,A025,0.9294951667121124,0.6505382386916236,False
A004,A026,0.9350978103176903,0.4617358552246077,False
A004,A027,0.941354753581647,0.497694685525172,False
A004,A028,0.9099503851757252,0.5661271941887264,False
A004,A029,0.9077607429618708,0.2983286778035259,False
A004,A030,0.9384918667105988,0.233452350598575,False
A004,A031,0.9313702229260734,0.378021163428716,False
A004,A032,0.9066995131677492,0.3310589071449369,False
A004,A033,0.8102289301381763,0.6220128616033594,False
A004,A034,0.8741116393387143,0.5724508712544685,False
A004,A035,0.885495248024728,0.4604345773288535,False
A004,A036,0.908304713016572,0.5035871324805669,False
A004,A037,0.9631011380608951,0.2549509756796392,False
A004,A038,0.925226427120644,0.5099019513592785,False
A004,A039,0.8203916179137521,0.5503635162326805,False
A004,A040,0.9551208430824856,0.1303840481040529,False
A004,A041,0.8680763026068787,0.3280243893371345,False
A004,A042,0.1319583467357892,0.2692582403567252,False
A004,A043,0.8270192229612916,0.2751363298439521,False
A004,A044,0.9375614932116144,0.1421267040355189,False
A004,A045,0.9469922747203716,0.4687216658103185,False
A004,A046,0.9042364764651972,0.098488578017961,False
A004,A047,0.9201961292344276,0.2983286778035259,False
A004,A048,0.8668409721236452,0.2435159132377184,False
A004,A049,0.8952919312499231,0.2353720459187964,False
A004,A050,0.827131844541565,0.4866210024238576,False
A004,A051,0.9422847428788992,0.5594640292279746,False
A004,A052,0.9299075954089074,0.4022437072223753,False
A004,A053,0.567625683531787,0.5239274758971895,False
A004,A054,0.9019747180363707,0.4825971404805461,False
A004,A055,0.9308107907238764,0.5882176467941097,False
A004,A056,0.942141245442746,0.3420526275297413,False
A005,A006,0.9227767614577084,0.3361547262794321,True
A005,A007,0.9294478875590992,0.950157881617576,True
A005,A008,0.9206046404919056,0.8598255637046388,True
A005,A009,0.921992382258358,0.7879086241436883,True
A005,A010,0.8720984591438922,0.7528612089887484,False
A005,A011,0.675730421431493,0.8049844718999243,False
A005,A012,0.7802629407889984,0.6185466837676846,False
A005,A013,0.7991568778939073,0.0854400374531752,False
A005,A014,0.92375147263873,0.4134005321718877,False
A005,A015,0.931135313030018,0.3612478373637688,False
A005,A016,0.8823554144497142,0.2220360331117451,False
A005,A017,0.9126604878703144,0.5108815909777921,False
A005,A018,0.9070793588220968,0.8505292469985967,False
A005,A019,0.9047320641274462,0.8823264701911645,False
A005,A020,0.9071621549474922,0.72691127381545,False
A005,A021,0.8807389562905382,0.361386219991853,False
A005,A022,0.9004608253453021,0.4134005321718877,False
A005,A023,0.8376269418182041,0.6185466837676846,False
A005,A024,0.8566610602283511,0.0948683298050513,False
A005,A025,0.8967219260737861,0.7256031973468694,False
A005,A026,0.8915090844188608,0.8823264701911645,False
A005,A027,0.914903055705775,0.8049844718999243,False
A005,A028,0.9050445866860036,0.7528612089887484,False
A005,A029,0.8642782023034775,0.3612478373637688,False
A005,A030,0.8432185005173194,0.5108815909777921,False
A005,A031,0.9168547112371408,0.8505292469985967,False
A005,A032,0.842147124362832,0.4716990566028302,False
A005,A033,0.7463864505284803,0.7810249675906654,False
A005,A034,0.8691515561424509,0.0399999999999999,False
A005,A035,0.8719476245238281,0.1699999999999999,False
A005,A036,0.8838103778905503,0.9745255255764212,False
A005,A037,0.9082455586891656,0.4891829923454003,False
A005,A038,0.9212913909283016,0.8832326986700617,False
A005,A039,0.7838448759479961,0.824621125123532,False
A005,A040,0.9033000457578686,0.7220110802473878,False
A005,A041,0.8875807299917472,0.75,False
A005,A042,0.0414590369542597,0.6199999999999999,False
A005,A043,0.7613313657893983,0.4599999999999999,False
A005,A044,0.8953070383740308,0.5903388857258176,False
A005,A045,0.9221023604429728,0.361386219991853,False
A005,A046,0.9158065506087494,0.6185466837676846,False
A005,A047,0.8881601630677882,0.3612478373637688,False
A005,A048,0.8636813230773008,0.6307138812488591,False
A005,A049,0.9122986011070764,0.5008991914547277,False
A005,A050,0.8364726739900321,0.9718538984847463,False
A005,A051,0.9152664655777428,0.0499999999999999,False
A005,A052,0.9071525956385876,0.2220360331117451,False
A005,A053,0.5488072418809249,1.0607544484940894,False
A005,A054,0.91240174327147,0.8930845424706442,False
A005,A055,0.9115381646635528,0.7692203845452875,False
A005,A056,0.9331403855482576,0.4134005321718877,False
A006,A007,0.9528972767486608,0.6389053137985315,True
A006,A008,0.9394402708639292,0.532634959423431,True
A006,A009,0.919578066200128,0.4518849411078001,True
A006,A010,0.8945810790382375,0.4197618372363071,False
A006,A011,0.7157627869287162,0.4701063709417263,False
A006,A012,0.7827337723392396,0.382099463490856,False
A006,A013,0.8064084036149688,0.2844292530665578,False
A006,A014,0.9098780268266056,0.0984885780179611,False
A006,A015,0.9277924606626028,0.3623534186398688,False
A006,A016,0.855587250816125,0.2941088233970549,False
A006,A017,0.9182777783848988,0.4720169488482379,False
A006,A018,0.8984459068306803,0.7725283166331187,False
A006,A019,0.9207009911608874,0.5590169943749475,False
A006,A020,0.9100731544361248,0.4110960958218893,False
A006,A021,0.9322666885079038,0.0565685424949237,False
A006,A022,0.9437765356413946,0.0984885780179611,False
A006,A023,0.8590929515193604,0.382099463490856,False
A006,A024,0.902062871724822,0.282842712474619,False
A006,A025,0.9549157500666788,0.4119465984809196,False
A006,A026,0.9328001817697048,0.5590169943749475,False
A006,A027,0.9491708772944624,0.4701063709417263,False
A006,A028,0.9577639883770748,0.4197618372363071,False
A006,A029,0.9278827417271563,0.3623534186398688,False
A006,A030,0.8998217552249143,0.4720169488482379,False
A006,A031,0.943224219728058,0.7725283166331187,False
A006,A032,0.890921097891524,0.1500000000000001,False
A006,A033,0.8341108963878848,0.4527692569068708,False
A006,A034,0.8687614852403414,0.3228002478313794,False
A006,A035,0.8731264965247107,0.3125699921617557,False
A006,A036,0.912955409012407,0.6579513659838393,False
A006,A037,0.925522649315347,0.1992485884517128,False
A006,A038,0.9432105907371768,0.5521775076911409,False
A006,A039,0.8310909474829907,0.4884669896727925,False
A006,A040,0.9282429577655272,0.4936598018878993,False
A006,A041,0.8691396444292312,0.6931810730249349,False
A006,A042,0.1941142883099165,0.579827560572969,False
A006,A043,0.7842353902894703,0.4527692569068709,False
A006,A044,0.9417019313753714,0.3354101966249685,False
A006,A045,0.9442617747124096,0.0565685424949237,False
A006,A046,0.9255336373630844,0.382099463490856,False
A006,A047,0.8950946147834977,0.3623534186398688,False
A006,A048,0.8897832534040967,0.5730619512757762,False
A006,A049,0.9205697516024952,0.4640043103248072,False
A006,A050,0.8223718183814285,0.6594694837519018,False
A006,A051,0.91164703577673,0.2941088233970548,False
A006,A052,0.9319477923813376,0.2941088233970549,False
A006,A053,0.6137734517920718,0.7627581530209953,False
A006,A054,0.9448962355531128,0.5672741841473133,False
A006,A055,0.9493284932545412,0.4373785545725807,False
A006,A056,0.9339089435053866,0.0984885780179611,False
A007,A008,0.9681195053868524,0.1499999999999999,True
A007,A009,0.9557185663246948,0.3,True
A007,A010,0.8895320664048986,0.3999999999999999,False
A007,A011,0.7578441830128689,0.2599999999999999,False
A007,A012,0.8228958289692754,0.3860051813123756,False
A007,A013,0.8531557472906178,0.876184911990614,False
A007,A014,0.9269276749842924,0.544885309033011,False
A007,A015,0.9701999669388066,0.737360156233031,False
A007,A016,0.9260093213564478,0.7975587752636165,False
A007,A017,0.9598072117781072,0.6987131027825368,False
A007,A018,0.9041866306420884,0.7273238618387272,False
A007,A019,0.955716768161022,0.1099999999999999,False
A007,A020,0.9300359925072376,0.52,False
A007,A021,0.9079572884215262,0.6463745044476925,False
A007,A022,0.9234495684120156,0.544885309033011,False
A007,A023,0.8599781623895291,0.3860051813123756,False
A007,A024,0.8619578132776343,0.8700574693662482,False
A007,A025,0.9473442797333032,0.53,False
A007,A026,0.9476660486960328,0.1099999999999999,False
A007,A027,0.9529848195420868,0.2599999999999999,False
A007,A028,0.9704313252340302,0.3999999999999999,False
A007,A029,0.9285936459368448,0.737360156233031,False
A007,A030,0.8993655902015824,0.6987131027825368,False
A007,A031,0.9279146870072316,0.7273238618387272,False
A007,A032,0.9236418672173192,0.4891829923454002,False
A007,A033,0.8644833856327163,0.4418144406874904,False
A007,A034,0.90966375507522,0.9245539465060976,False
A007,A035,0.9188853070693802,0.8490583018850943,False
A007,A036,0.9437315880324788,0.0412310562561766,False
A007,A037,0.9524422495427292,0.4609772228646443,False
A007,A038,0.963083365671048,0.1746424919657298,False
A007,A039,0.8469716092031988,0.3026549190084311,False
A007,A040,0.9622084846301148,0.35,False
A007,A041,0.9219653506013902,0.7316419889536139,False
A007,A042,0.1056860175811493,0.72,False
A007,A043,0.8203465797587829,0.737563556583431,False
A007,A044,0.9561915555529364,0.3848376280978771,False
A007,A045,0.9670956038097742,0.6463745044476925,False
A007,A046,0.9454734551356814,0.3860051813123756,False
A007,A047,0.9062743786941876,0.737360156233031,False
A007,A048,0.8806483328754727,0.6900724599634447,False
A007,A049,0.923088454475138,0.700357051795725,False
A007,A050,0.8765308083048803,0.0223606797749979,False
A007,A051,0.9270116494288536,0.9013878188659972,False
A007,A052,0.9271605811059818,0.7975587752636165,False
A007,A053,0.5672459378121499,0.1414213562373095,False
A007,A054,0.9540765285172244,0.1216552506059644,False
A007,A055,0.9429255197628882,0.4104875150354758,False
A007,A056,0.9660116793145288,0.544885309033011,False
A008,A009,0.9713401471899022,0.15,True
A008,A010,0.897918789687853,0.25,False
A008,A011,0.7584904475128895,0.1099999999999999,False
A008,A012,0.7428487346417599,0.3721558813185678,False
A008,A013,0.8306790844400471,0.7925906888173743,False
A008,A014,0.930323872830501,0.4465422712353221,False
A008,A015,0.939137302327254,0.6987131027825368,False
A008,A016,0.8965703748382228,0.7338937252763509,False
A008,A017,0.9390756455590272,0.6911584478250988,False
A008,A018,0.9136748226096084,0.7877182237323191,False
A008,A019,0.9475891261715838,0.0399999999999999,False
A008,A020,0.9408334901035984,0.37,False
A008,A021,0.9264225054827664,0.5303772242470447,False
A008,A022,0.9499785277297912,0.4465422712353221,False
A008,A023,0.9195212398061648,0.3721558813185678,False
A008,A024,0.8953661339579697,0.7877182237323191,False
A008,A025,0.9574226965261208,0.38,False
A008,A026,0.9643635687627002,0.0399999999999999,False
A008,A027,0.9737210746045692,0.1099999999999999,False
A008,A028,0.960234966741525,0.25,False
A008,A029,0.9524393340764788,0.6987131027825368,False
A008,A030,0.9252035643008246,0.6911584478250988,False
A008,A031,0.948467702709036,0.7877182237323191,False
A008,A032,0.9469543357225032,0.3883297567789519,False
A008,A033,0.8699417676824398,0.292745623366089,False
A008,A034,0.9133922354982412,0.8386298349093002,False
A008,A035,0.93493311369716,0.78,False
A008,A036,0.9598242849213856,0.1456021977856103,False
A008,A037,0.9688944782459146,0.3807886552931954,False
A008,A038,0.9797154048899712,0.0447213595499958,False
A008,A039,0.8654794102662866,0.1552417469626002,False
A008,A040,0.9727579056998474,0.3807886552931954,False
A008,A041,0.8603818592746965,0.7725283166331186,False
A008,A042,0.0953043145223732,0.7354590403278757,False
A008,A043,0.8363788902006981,0.7200694410957876,False
A008,A044,0.955353326407242,0.3501428280002319,False
A008,A045,0.976727959188238,0.5303772242470447,False
A008,A046,0.97645934160681,0.3721558813185678,False
A008,A047,0.9225283691522628,0.6987131027825368,False
A008,A048,0.9071122788135249,0.7083078426785913,False
A008,A049,0.9513154623889936,0.6906518659932802,False
A008,A050,0.89771696790826,0.1612451549659709,False
A008,A051,0.944486070963264,0.8130190649671137,False
A008,A052,0.9399061382645908,0.7338937252763509,False
A008,A053,0.5811551594249328,0.2906888370749727,False
A008,A054,0.9531712770946648,0.0360555127546398,False
A008,A055,0.9496838862714526,0.260768096208106,False
A008,A056,0.9742818656225506,0.4465422712353221,False
A009,A010,0.9155749889838254,0.0999999999999999,False
A009,A011,0.7800586596001292,0.04,False
A009,A012,0.7370242612947523,0.4159326868617084,False
A009,A013,0.8341681807468374,0.7305477397131552,False
A009,A014,0.9332083765824168,0.383275357934736,False
A009,A015,0.934915861092271,0.6911584478250988,False
A009,A016,0.9051061666787223,0.6972087205421343,False
A009,A017,0.9380171733990774,0.7156814934033154,False
A009,A018,0.9142806783184042,0.8700574693662482,False
A009,A019,0.9373736700278048,0.19,False
A009,A020,0.945155038358747,0.2199999999999999,False
A009,A021,0.9163961459765704,0.4356604182158393,False
A009,A022,0.9358003055346676,0.383275357934736,False
A009,A023,0.906477532623126,0.4159326868617084,False
A009,A024,0.8865135375703295,0.7273238618387272,False
A009,A025,0.9433665966442796,0.2299999999999999,False
A009,A026,0.9519610873226636,0.19,False
A009,A027,0.9580620828411106,0.04,False
A009,A028,0.937971273775286,0.0999999999999999,False
A009,A029,0.9352417824527582,0.6911584478250988,False
A009,A030,0.9273945311689572,0.7156814934033154,False
A009,A031,0.9390561374180404,0.8700574693662482,False
A009,A032,0.9341581954113364,0.3275667870831839,False
A009,A033,0.8620458807075759,0.1456021977856104,False
A009,A034,0.9036862296367052,0.7725283166331186,False
A009,A035,0.9250528211031128,0.7354590403278757,False
A009,A036,0.9429386042442088,0.2927456233660889,False
A009,A037,0.9591503280902032,0.35,False
A009,A038,0.954302442125374,0.1360147050873544,False
A009,A039,0.8766013312613495,0.04,False
A009,A040,0.965068962573778,0.4609772228646443,False
A009,A041,0.8607440685180194,0.8386298349093001,False
A009,A042,0.1382919184782316,0.7799999999999999,False
A009,A043,0.8222517595188503,0.7334848328356899,False
A009,A044,0.9481861567036828,0.3769615364994153,False
A009,A045,0.9713562803739352,0.4356604182158393,False
A009,A046,0.958958831393856,0.4159326868617084,False
A009,A047,0.9207095051022371,0.6911584478250988,False
A009,A048,0.8995968055791225,0.7564390259630976,False
A009,A049,0.9377657785729518,0.7130918594402827,False
A009,A050,0.8531603989041643,0.3106444913401813,False
A009,A051,0.9549086768357616,0.7446475676452585,False
A009,A052,0.9406929451997428,0.6972087205421343,False
A009,A053,0.5255608892385437,0.4404543109109048,False
A009,A054,0.9437678060078776,0.1811077027627483,False
A009,A055,0.959888197842148,0.1118033988749894,False
A009,A056,0.9696644779870977,0.383275357934736,False
A010,A011,0.810195864089885,0.14,True
A010,A012,0.6646554431044168,0.4701063709417263,True
A010,A013,0.7951017391568693,0.7040596565632773,True
A010,A014,0.9281942992657274,0.37,True
A010,A015,0.8846429194384725,0.7040596565632773,True
A010,A016,0.8716008255271515,0.69,True
A010,A017,0.8912318218804125,0.7484650960465691,True
A010,A018,0.8989939531436641,0.9343446901438462,True
A010,A019,0.914457470216917,0.29,True
A010,A020,0.9549463378115998,0.12,True
A010,A021,0.8439531950186924,0.3921734310225515,False
A010,A022,0.8691040771208243,0.37,False
A010,A023,0.817420012525671,0.4701063709417263,False
A010,A024,0.80703415257528,0.7021395872616782,False
A010,A025,0.8729060798021504,0.13,False
A010,A026,0.8908948769064309,0.29,False
A010,A027,0.8990511670630466,0.14,False
A010,A028,0.8638914136621431,0.0,False
A010,A029,0.8372876038978546,0.7040596565632773,False
A010,A030,0.9011221677436154,0.7484650960465691,False
A010,A031,0.8847828554691523,0.9343446901438462,False
A010,A032,0.8850007674605488,0.3214031735997639,False
A010,A033,0.7933970507533393,0.0565685424949238,False
A010,A034,0.8556960702532147,0.7421590126111789,False
A010,A035,0.878226385596685,0.7217340230306453,False
A010,A036,0.8835467935541501,0.3920459156782531,False
A010,A037,0.9103751093774052,0.3640054944640258,False
A010,A038,0.8987395881900551,0.233452350598575,False
A010,A039,0.8497088023139224,0.10770329614269,False
A010,A040,0.8991729194265938,0.5315072906367324,False
A010,A041,0.8629951251733387,0.8940357934669059,False
A010,A042,0.1655639846821931,0.82365041127896,False
A010,A043,0.7828586377478662,0.758946638440411,False
A010,A044,0.8518553187192954,0.4243819034784589,False
A010,A045,0.9164420584874003,0.3921734310225515,False
A010,A046,0.8718925192822486,0.4701063709417263,False
A010,A047,0.8549199922777946,0.7040596565632773,False
A010,A048,0.8276612492569309,0.8026207074328445,False
A010,A049,0.8526148445274132,0.7446475676452585,False
A010,A050,0.8048268812527204,0.4104875150354758,False
A010,A051,0.8916991097932754,0.7130918594402827,False
A010,A052,0.9006625597189949,0.69,False
A010,A053,0.486898319141753,0.5403702434442519,False
A010,A054,0.8843024626304637,0.280713376952364,False
A010,A055,0.9267052874951696,0.0223606797749979,False
A010,A056,0.9198384824339996,0.37,False
A011,A012,0.6280244704281764,0.3992492955535425,True
A011,A013,0.755474911359618,0.7446475676452585,True
A011,A014,0.7961481336229275,0.3956008088970496,True
A011,A015,0.7604971696096026,0.69,True
A011,A016,0.7703109701419967,0.7040596565632773,True
A011,A017,0.8069955620846202,0.7061161377563892,True
A011,A018,0.7833669221660607,0.8462860036654275,True
A011,A019,0.8318183082116536,0.1499999999999999,True
A011,A020,0.8340344990772599,0.26,True
A011,A021,0.6790237644446023,0.4580392996239514,False
A011,A022,0.7101112771048765,0.3956008088970496,False
A011,A023,0.6363774449310646,0.3992492955535425,False
A011,A024,0.6252610924885914,0.7409453421137081,False
A011,A025,0.7247779383845112,0.27,False
A011,A026,0.7556469716011076,0.1499999999999999,False
A011,A027,0.7462351368912219,0.0,False
A011,A028,0.7025668334377922,0.14,False
A011,A029,0.7349134372712574,0.69,False
A011,A030,0.7416051039086519,0.7061161377563892,False
A011,A031,0.6895883784648774,0.8462860036654275,False
A011,A032,0.7843654325431347,0.3383784863137725,False
A011,A033,0.7093885013348052,0.1843908891458578,False
A011,A034,0.7435921163327032,0.7879086241436883,False
A011,A035,0.7822695034043475,0.7446475676452586,False
A011,A036,0.780454605799037,0.2531797780234432,False
A011,A037,0.7803851125650711,0.3522782990761707,False
A011,A038,0.7470850782232661,0.098488578017961,False
A011,A039,0.8539120330918633,0.0565685424949238,False
A011,A040,0.782145878664576,0.4360045871318327,False
A011,A041,0.7127784429311019,0.8188406438373708,False
A011,A042,-0.0410574467585799,0.7655063683601855,False
A011,A043,0.6244850884399203,0.72691127381545,False
A011,A044,0.7512553516565859,0.3640054944640258,False
A011,A045,0.8181382936422409,0.4580392996239514,False
A011,A046,0.7712205242170437,0.3992492955535425,False
A011,A047,0.7489144320772286,0.69,False
A011,A048,0.7376635027504113,0.7409453421137081,False
A011,A049,0.7602617781823993,0.7040596565632773,False
A011,A050,0.7598886075091854,0.2707397274136176,False
A011,A051,0.7710907465933015,0.7605918747922568,False
A011,A052,0.7609948739747153,0.7040596565632773,False
A011,A053,0.4690196975453375,0.4004996878900157,False
A011,A054,0.7532692629838419,0.1414213562373094,False
A011,A055,0.8197992187524372,0.1513274595042155,False
A011,A056,0.8070890557678494,0.3956008088970496,False
A012,A013,0.6292592666153964,0.5360037313302958,True
A012,A014,0.7120067326827625,0.29,True
A012,A015,0.827263890895829,0.3534119409414458,True
A012,A016,0.7605445473357908,0.4318564576337836,True
A012,A017,0.840716508428694,0.3199999999999999,True
A012,A018,0.7131126255619483,0.46690470119715,True
A012,A019,0.8023138896526032,0.37,True
A012,A020,0.7137689612749667,0.552268050859363,True
A012,A021,0.7359846612148195,0.42,False
A012,A022,0.7319167255909257,0.29,False
A012,A023,0.5997067234998936,0.0,False
A012,A024,0.6807462333925984,0.5280151512977633,False
A012,A025,0.780575494449305,0.5597320787662612,False
A012,A026,0.7693897129323154,0.37,False
A012,A027,0.762037417455636,0.3992492955535425,False
A012,A028,0.7983380849912335,0.4701063709417263,False
A012,A029,0.7296341876082943,0.3534119409414458,False
A012,A030,0.6129328961650979,0.3199999999999999,False
A012,A031,0.7184581636802407,0.46690470119715,False
A012,A032,0.7363521310005529,0.2647640458974745,False
A012,A033,0.7109391580199639,0.5263078946776307,False
A012,A034,0.7719121846607758,0.5860034129593445,False
A012,A035,0.7430275449163911,0.4879549159502341,False
A012,A036,0.7639725089296083,0.4220189569201839,False
A012,A037,0.7526976314993884,0.191049731745428,False
A012,A038,0.7598539321085866,0.4143669871020132,False
A012,A039,0.6388786324659121,0.4518849411078001,False
A012,A040,0.7568741408432166,0.1118033988749894,False
A012,A041,0.8235091811546145,0.4243819034784589,False
A012,A042,0.0869433819184371,0.3668787265568828,False
A012,A043,0.6318086542963599,0.3535533905932737,False
A012,A044,0.7466467421008922,0.053851648071345,False
A012,A045,0.8044837636497684,0.42,False
A012,A046,0.7526289872119423,0.0,False
A012,A047,0.738377238092418,0.3534119409414458,False
A012,A048,0.7585743682978573,0.3417601498127012,False
A012,A049,0.7915615261529695,0.3201562118716424,False
A012,A050,0.7678471530446254,0.4080441152620633,False
A012,A051,0.8021780256215031,0.56859475903318,False
A012,A052,0.7900753378004247,0.4318564576337836,False
A012,A053,0.4595812160955055,0.4632493928760188,False
A012,A054,0.7461958752746278,0.3901281840626232,False
A012,A055,0.7580789924581904,0.4920365840057017,False
A012,A056,0.7856968216143304,0.29,False
A013,A014,0.8952720646461052,0.3492849839314595,True
A013,A015,0.8939633818522245,0.28,True
A013,A016,0.9127262108420584,0.14,True
A013,A017,0.877455228879437,0.43,True
A013,A018,0.881723525091709,0.77,True
A013,A019,0.8586780120025066,0.8130190649671137,True
A013,A020,0.8924591947914825,0.6902897942168926,True
A013,A021,0.7835774940448987,0.3201562118716424,False
A013,A022,0.7976163906849686,0.3492849839314595,False
A013,A023,0.713260529283016,0.5360037313302958,False
A013,A024,0.7333321497595379,0.01,False
A013,A025,0.8048373097248492,0.6900724599634447,False
A013,A026,0.8092297130397738,0.8130190649671137,False
A013,A027,0.8225747184682438,0.7446475676452585,False
A013,A028,0.8077825042420493,0.7040596565632773,False
A013,A029,0.7860329239399537,0.28,False
A013,A030,0.8288968371263837,0.43,False
A013,A031,0.8030460887138863,0.77,False
A013,A032,0.8121223498788668,0.4071854614300466,False
A013,A033,0.7813235543635155,0.7368174807915457,False
A013,A034,0.7961548629529135,0.05,False
A013,A035,0.8258217903836647,0.0948683298050513,False
A013,A036,0.8120564054040492,0.9021086409075127,False
A013,A037,0.8427055356180948,0.4161730409336961,False
A013,A038,0.8374844459439525,0.8184130986244049,False
A013,A039,0.7144978159415546,0.768439978137525,False
A013,A040,0.8598326585806542,0.6381222453417527,False
A013,A041,0.8091715081493581,0.6706713054842885,False
A013,A042,0.1138487372166703,0.5408326913195984,False
A013,A043,0.698757850313505,0.3811823710509183,False
A013,A044,0.8589643033679671,0.5099019513592785,False
A013,A045,0.8596519770025489,0.3201562118716424,False
A013,A046,0.8161341931354458,0.5360037313302958,False
A013,A047,0.8441428554847414,0.28,False
A013,A048,0.7389284879123247,0.55,False
A013,A049,0.7934550360576893,0.42,False
A013,A050,0.7554569453736133,0.8981091247727082,False
A013,A051,0.8477076794907809,0.04,False
A013,A052,0.8193673178342135,0.14,False
A013,A053,0.5012467422908677,0.983107318658548,False
A013,A054,0.8278987281364822,0.8249242389456137,False
A013,A055,0.8289871047195437,0.7218032973047436,False
A013,A056,0.856436481366461,0.3492849839314595,False
A014,A015,0.9552992976224396,0.3492849839314595,True
A014,A016,0.9397825287774332,0.3199999999999999,True
A014,A017,0.9476616709632528,0.4318564576337836,True
A014,A018,0.9515305303770436,0.7066116330771804,True
A014,A019,0.9384952137072824,0.4701063709417263,True
A014,A020,0.9667558694300896,0.3889730067755345,True
A014,A021,0.9019489458002522,0.13,False
A014,A022,0.9097515939906344,0.0,False
A014,A023,0.8609565712227779,0.29,False
A014,A024,0.8693144451867011,0.3453983207834108,False
A014,A025,0.9154962548754648,0.3921734310225515,False
A014,A026,0.9193263206065034,0.4701063709417263,False
A014,A027,0.9236073596415212,0.3956008088970496,False
A014,A028,0.9075079258827934,0.37,False
A014,A029,0.8997766347338957,0.3492849839314595,False
A014,A030,0.923228316105572,0.4318564576337836,False
A014,A031,0.9127419634144608,0.7066116330771804,False
A014,A032,0.9089090863739115,0.058309518948453,False
A014,A033,0.8245347797995954,0.4119465984809196,False
A014,A034,0.9139014765011584,0.3935733730830885,False
A014,A035,0.9243550529298562,0.3535533905932737,False
A014,A036,0.9125233315794006,0.5658621740318043,False
A014,A037,0.941651123540984,0.1019803902718556,False
A014,A038,0.9267775425481892,0.4701063709417263,False
A014,A039,0.8501622322184129,0.4220189569201839,False
A014,A040,0.9397577855417162,0.4004996878900157,False
A014,A041,0.8997390947379235,0.6351377803280167,False
A014,A042,0.114556951815477,0.5315072906367324,False
A014,A043,0.8180381387959288,0.4243819034784589,False
A014,A044,0.911079185496364,0.2408318915758459,False
A014,A045,0.947924465778704,0.13,False
A014,A046,0.9295027025169272,0.29,False
A014,A047,0.9318105522810668,0.3492849839314595,False
A014,A048,0.8752028291805306,0.5200961449578337,False
A014,A049,0.9121421450447772,0.4252058325093859,False
A014,A050,0.8294636440630484,0.5658621740318043,False
A014,A051,0.9289776955363476,0.3671511950137163,False
A014,A052,0.9358425256754828,0.3199999999999999,False
A014,A053,0.5229150096541283,0.6661080993352355,False
A014,A054,0.9216934624600251,0.4801041553663121,False
A014,A055,0.9383568176849064,0.3901281840626232,False
A014,A056,0.9464995631765571,0.0,False
A015,A016,0.9675853072086652,0.14,True
A015,A017,0.9825063902748628,0.1499999999999999,True
A015,A018,0.921858633045934,0.49,True
A015,A019,0.9549313756636484,0.7061161377563892,True
A015,A020,0.952126093586785,0.7373601562330311,True
A015,A021,0.9087101022850276,0.4186884283091663,False
A015,A022,0.9133724061500508,0.3492849839314595,False
A015,A023,0.8250375325012812,0.3534119409414458,False
A015,A024,0.8620512879907168,0.27,False
A015,A025,0.9409548466510432,0.7409453421137081,False
A015,A026,0.9300420787362612,0.7061161377563892,False
A015,A027,0.9380699412845936,0.69,False
A015,A028,0.9484109721287852,0.7040596565632773,False
A015,A029,0.9065867906336844,0.0,False
A015,A030,0.8933188239538938,0.1499999999999999,False
A015,A031,0.897627203229077,0.49,False
A015,A032,0.8987728895037175,0.3860051813123756,False
A015,A033,0.8409940870833726,0.7518643494673756,False
A015,A034,0.904295081256438,0.321403173599764,False
A015,A035,0.9114804691632832,0.1923538406167134,False
A015,A036,0.9057347738376024,0.771621668954417,False
A015,A037,0.9402542287006362,0.3423448553724738,False
A015,A038,0.9423582784310924,0.7355270219373317,False
A015,A039,0.8084200742693468,0.7310950690573695,False
A015,A040,0.952593432386756,0.4280186911806539,False
A015,A041,0.9285821960307876,0.3911521443121589,False
A015,A042,0.1716020271700963,0.2617250465660479,False
A015,A043,0.8110173385795654,0.1044030650891054,False
A015,A044,0.9364358586383256,0.354400902933387,False
A015,A045,0.9670949523057673,0.4186884283091663,False
A015,A046,0.93927540441593,0.3534119409414458,False
A015,A047,0.920868456310064,0.0,False
A015,A048,0.8897548980999431,0.2699999999999999,False
A015,A049,0.9272078260717476,0.1399999999999999,False
A015,A050,0.8594772546529781,0.7596051605933177,False
A015,A051,0.9409686420481096,0.32,False
A015,A052,0.93874846915267,0.14,False
A015,A053,0.5325745268626118,0.8149233092751734,False
A015,A054,0.9403991996645216,0.723671196055225,False
A015,A055,0.9288789024454188,0.7256721022610694,False
A015,A056,0.9569518530700414,0.3492849839314595,False
A016,A017,0.9454509998456284,0.29,True
A016,A018,0.9033605135939824,0.63,True
A016,A019,0.91200985862569,0.7484650960465691,True
A016,A020,0.9274319692921968,0.700357051795725,True
A016,A021,0.8355260210669,0.3453983207834108,False
A016,A022,0.8351140447841483,0.3199999999999999,False
A016,A023,0.774534500607346,0.4318564576337836,False
A016,A024,0.7832877493738786,0.13,False
A016,A025,0.8704961644025544,0.7021395872616782,False
A016,A026,0.8632491565677359,0.7484650960465691,False
A016,A027,0.8686729844842721,0.7040596565632773,False
A016,A028,0.8792382186163736,0.69,False
A016,A029,0.8378951688961799,0.14,False
A016,A030,0.8559091176731413,0.29,False
A016,A031,0.8395828699379171,0.63,False
A016,A032,0.8538156267687631,0.3712142238654117,False
A016,A033,0.7910617205121083,0.7310950690573695,False
A016,A034,0.8565984633595987,0.1824828759089466,False
A016,A035,0.872733205351856,0.058309518948453,False
A016,A036,0.8517699076481438,0.8276472678623423,False
A016,A037,0.8928761677360614,0.354400902933387,False
A016,A038,0.8829369408433589,0.765375724726098,False
A016,A039,0.7646659234487464,0.7368174807915457,False
A016,A040,0.904697835604731,0.5249761899362675,False
A016,A041,0.8969024090814176,0.53084837759948,False
A016,A042,0.1571501157437724,0.4011234224026315,False
A016,A043,0.7705580120659984,0.2418677324489564,False
A016,A044,0.883128245823886,0.4161730409336961,False
A016,A045,0.9206752801724576,0.3453983207834108,False
A016,A046,0.8954178257237743,0.4318564576337836,False
A016,A047,0.8872618188304706,0.14,False
A016,A048,0.8269289979694934,0.41,False
A016,A049,0.8730973776728478,0.2799999999999999,False
A016,A050,0.7989197234871551,0.8198780397107852,False
A016,A051,0.9059308468926468,0.18,False
A016,A052,0.8879757911476915,0.0,False
A016,A053,0.506138780198873,0.8920201791439475,False
A016,A054,0.9030248680865568,0.7632168761236874,False
A016,A055,0.8673125047385023,0.7100704190430692,False
A016,A056,0.9240845324394382,0.3199999999999999,False
A017,A018,0.91832660854861,0.3399999999999999,True
A017,A019,0.9704913125845566,0.69,True
A017,A020,0.951073462391985,0.8026207074328445,True
A017,A021,0.901987917894722,0.5280151512977633,False
A017,A022,0.9150231567294492,0.4318564576337836,False
A017,A023,0.8198173249346477,0.3199999999999999,False
A017,A024,0.8604975476282247,0.42,False
A017,A025,0.9390433559202044,0.8077747210701756,False
A017,A026,0.9398299523998674,0.69,False
A017,A027,0.941056783955522,0.7061161377563892,False
A017,A028,0.9311604001457516,0.7484650960465691,False
A017,A029,0.9009699788413292,0.1499999999999999,False
A017,A030,0.8932651459158694,0.0,False
A017,A031,0.9081640652982476,0.3399999999999999,False
A017,A032,0.9240066124037658,0.4522167621838004,False
A017,A033,0.8431946029290782,0.8011242100947892,False
A017,A034,0.9259728202608808,0.4709564735726647,False
A017,A035,0.9325260813519048,0.3413209633175202,False
A017,A036,0.930393219931801,0.7368174807915457,False
A017,A037,0.9531997213510194,0.3894868418830089,False
A017,A038,0.947553749427701,0.7324616030891995,False
A017,A039,0.8453228619012829,0.7543208866258444,False
A017,A040,0.9566886324427266,0.3573513677041127,False
A017,A041,0.928999511514072,0.2418677324489564,False
A017,A042,0.1229495093467531,0.1140175425099137,False
A017,A043,0.808960703240159,0.0583095189484529,False
A017,A044,0.9284856677822914,0.3436568055487916,False
A017,A045,0.9787996649650051,0.5280151512977633,False
A017,A046,0.9454828430143772,0.3199999999999999,False
A017,A047,0.924149351739038,0.1499999999999999,False
A017,A048,0.9106296298939296,0.12,False
A017,A049,0.940763803317187,0.01,False
A017,A050,0.8835625843073105,0.7200694410957876,False
A017,A051,0.9573339851374676,0.47,False
A017,A052,0.959073376514295,0.29,False
A017,A053,0.5463930199809702,0.7527283706623525,False
A017,A054,0.931853247405757,0.7100704190430692,False
A017,A055,0.9471665324765436,0.7707788269017254,False
A017,A056,0.9673695354617458,0.4318564576337836,False
A018,A019,0.8989406196645677,0.7692203845452874,True
A018,A020,0.9288700741963284,1.0191172650877818,True
A018,A021,0.8738399706452874,0.824621125123532,False
A018,A022,0.8792858340018436,0.7066116330771804,False
A018,A023,0.816189214222833,0.46690470119715,False
A018,A024,0.8462942303272409,0.76,False
A018,A025,0.8850494217612742,1.026498904042279,False
A018,A026,0.8867804994528301,0.7692203845452874,False
A018,A027,0.8981419624989578,0.8462860036654275,False
A018,A028,0.8719393130005957,0.9343446901438462,False
A018,A029,0.8662871848385735,0.49,False
A018,A030,0.8930417219017329,0.3399999999999999,False
A018,A031,0.9066643756903732,0.0,False
A018,A032,0.8585166322871198,0.7049113419430844,False
A018,A033,0.7793009940194187,0.990858213873206,False
A018,A034,0.8520862285200081,0.8105553651663778,False
A018,A035,0.871340963366372,0.6806614430096655,False
A018,A036,0.874642728737543,0.768439978137525,False
A018,A037,0.9208327236150698,0.6296824596572467,False
A018,A038,0.8922445299853442,0.8324061508662703,False
A018,A039,0.8174349633054675,0.9021086409075127,False
A018,A040,0.9225218065361952,0.4104875150354758,False
A018,A041,0.8504620785422792,0.1044030650891055,False
A018,A042,0.1081927168301793,0.231948270094864,False
A018,A043,0.8005225255444142,0.3911521443121589,False
A018,A044,0.894764393203874,0.5173973328110612,False
A018,A045,0.9249062068329614,0.824621125123532,False
A018,A046,0.9126302415239486,0.46690470119715,False
A018,A047,0.8991874781198744,0.49,False
A018,A048,0.8317901713536308,0.22,False
A018,A049,0.8928092571415944,0.35,False
A018,A050,0.8594302321033439,0.7433034373659253,False
A018,A051,0.9224144251976116,0.81,False
A018,A052,0.9026308778447892,0.63,False
A018,A053,0.5174039751791768,0.7156814934033155,False
A018,A054,0.9198335106750232,0.791580697086532,False
A018,A055,0.9069525318284988,0.9558765610684258,False
A018,A056,0.9241710288126076,0.7066116330771804,False
A019,A020,0.9622350003283442,0.41,True
A019,A021,0.890387237621015,0.5597320787662612,False
A019,A022,0.9132415106966362,0.4701063709417263,False
A019,A023,0.8470292710632126,0.37,False
A019,A024,0.8464436405957014,0.8077747210701756,False
A019,A025,0.9329832466852253,0.42,False
A019,A026,0.9519900186527958,0.0,False
A019,A027,0.9566352050726722,0.1499999999999999,False
A019,A028,0.9293127116310996,0.29,False
A019,A029,0.9066605915736496,0.7061161377563892,False
A019,A030,0.898483687878436,0.69,False
A019,A031,0.9143451849630752,0.7692203845452874,False
A019,A032,0.927566146484836,0.4123105625617659,False
A019,A033,0.8540203010190398,0.3324154027718932,False
A019,A034,0.9229985542850108,0.8598255637046389,False
A019,A035,0.9377541940464196,0.7962411694957753,False
A019,A036,0.9449235228801584,0.10770329614269,False
A019,A037,0.9464484944371696,0.3982461550347975,False
A019,A038,0.9688906276876874,0.0721110255092798,False
A019,A039,0.8623699835701567,0.194164878389476,False
A019,A040,0.957235097905096,0.3668787265568828,False
A019,A041,0.9294049767907916,0.758946638440411,False
A019,A042,0.0413119357156503,0.7283543093852057,False
A019,A043,0.7998553911700726,0.7217340230306453,False
A019,A044,0.9188624432888348,0.3535533905932737,False
A019,A045,0.9740852657352898,0.5597320787662612,False
A019,A046,0.9254417297556716,0.37,False
A019,A047,0.8900802293281455,0.7061161377563892,False
A019,A048,0.871518325899125,0.700357051795725,False
A019,A049,0.9187921177956248,0.6900724599634447,False
A019,A050,0.8675895293274793,0.1216552506059644,False
A019,A051,0.9416732724306895,0.8348652585896721,False
A019,A052,0.9364547601743416,0.7484650960465691,False
A019,A053,0.5460200961624232,0.250798724079689,False
A019,A054,0.9064021891880382,0.0223606797749979,False
A019,A055,0.9621638425686412,0.3006659275674581,False
A019,A056,0.9631576394630768,0.4701063709417263,False
A020,A021,0.898486146213944,0.3701351104664349,False
A020,A022,0.9202755485662324,0.3889730067755345,False
A020,A023,0.849139788445694,0.552268050859363,False
A020,A024,0.8561736999968295,0.6900724599634447,False
A020,A025,0.9235515361701891,0.01,False
A020,A026,0.9405466363026544,0.41,False
A020,A027,0.9487267023098436,0.26,False
A020,A028,0.9134222385833426,0.12,False
A020,A029,0.8995918748197382,0.7373601562330311,False
A020,A030,0.9289177182082742,0.8026207074328445,False
A020,A031,0.9053517981406634,1.0191172650877818,False
A020,A032,0.909290731279428,0.3534119409414458,False
A020,A033,0.8263071192331034,0.0894427190999915,False
A020,A034,0.9038194525082032,0.7224956747275377,False
A020,A035,0.9282555460954351,0.723394774656273,False
A020,A036,0.91711486790774,0.5115662224971465,False
A020,A037,0.9545856981774816,0.4134005321718877,False
A020,A038,0.9450359002949263,0.3522782990761707,False
A020,A039,0.8456534902976874,0.2236067977499789,False
A020,A040,0.9572590628162266,0.6268173577685928,False
A020,A041,0.8963465481039441,0.97,False
A020,A042,0.1229700785067271,0.8881441324469806,False
A020,A043,0.8078586979862755,0.8049844718999243,False
A020,A044,0.9208591960916837,0.5020956084253276,False
A020,A045,0.9697902125500776,0.3701351104664349,False
A020,A046,0.925700118649366,0.552268050859363,False
A020,A047,0.9225405162737024,0.7373601562330311,False
A020,A048,0.8737085988864709,0.8700574693662482,False
A020,A049,0.9108473907878368,0.7975587752636165,False
A020,A050,0.8588001489673169,0.5303772242470448,False
A020,A051,0.9451013331765414,0.6926037828369117,False
A020,A052,0.9398914357974716,0.700357051795725,False
A020,A053,0.5441798173393867,0.660302960768767,False
A020,A054,0.9158707470899168,0.4004996878900157,False
A020,A055,0.9438044641269172,0.1118033988749894,False
A020,A056,0.9595075051187616,0.3889730067755345,False
A021,A022,0.9779909612390044,0.13,True
A021,A023,0.9261606295871072,0.42,True
A021,A024,0.988489372739428,0.3199999999999999,True
A021,A025,0.985660980831073,0.37,True
A021,A026,0.9557560337435864,0.5597320787662612,True
A021,A027,0.9626407630187614,0.4580392996239514,True
A021,A028,0.96366628696635,0.3921734310225515,True
A021,A029,0.9636879082750298,0.4186884283091663,True
A021,A030,0.9261862258213336,0.5280151512977633,True
A021,A031,0.9513812899763514,0.824621125123532,True
A021,A032,0.8926433559834338,0.1676305461424021,False
A021,A033,0.8366520990620026,0.4197618372363071,False
A021,A034,0.8608108017181436,0.3535533905932737,False
A021,A035,0.8612100613181094,0.3590264614203248,False
A021,A036,0.8985314642939596,0.6621933252457322,False
A021,A037,0.9471562936015934,0.2308679276123038,False
A021,A038,0.9217715001776052,0.5456189146281496,False
A021,A039,0.8219849989236091,0.4701063709417263,False
A021,A040,0.9451113596821108,0.5303772242470448,False
A021,A041,0.8279356263497746,0.7470609078247903,False
A021,A042,0.3017162056143783,0.6351377803280167,False
A021,A043,0.849022233337689,0.5093132631298737,False
A021,A044,0.9451153783092328,0.3705401462729781,False
A021,A045,0.9356697635271126,0.0,False
A021,A046,0.9253599757017834,0.42,False
A021,A047,0.8915161416636501,0.4186884283091663,False
A021,A048,0.917303150483449,0.6276941930590086,False
A021,A049,0.9365681414879672,0.5200961449578337,False
A021,A050,0.830891045292381,0.6661080993352355,False
A021,A051,0.932768992287874,0.3238826948140328,False
A021,A052,0.9300241104398776,0.3453983207834108,False
A021,A053,0.608543274896197,0.7752418977325722,False
A021,A054,0.9137716872584,0.5658621740318043,False
A021,A055,0.919784781204583,0.4080441152620633,False
A021,A056,0.9192353451537996,0.13,False
A022,A023,0.9242329429354345,0.29,True
A022,A024,0.9635213877438192,0.3453983207834108,True
A022,A025,0.9857443228611604,0.3921734310225515,True
A022,A026,0.9661173631621016,0.4701063709417263,True
A022,A027,0.9817589393154408,0.3956008088970496,True
A022,A028,0.9717040738503404,0.37,True
A022,A029,0.9693747253601868,0.3492849839314595,True
A022,A030,0.919684181530798,0.4318564576337836,True
A022,A031,0.9631917093850226,0.7066116330771804,True
A022,A032,0.9151243752719106,0.058309518948453,False
A022,A033,0.8578002532711266,0.4119465984809196,False
A022,A034,0.8962943236834443,0.3935733730830885,False
A022,A035,0.9094237956376314,0.3535533905932737,False
A022,A036,0.9218581433714682,0.5658621740318043,False
A022,A037,0.9519851735113048,0.1019803902718556,False
A022,A038,0.9491166002030388,0.4701063709417263,False
A022,A039,0.8553328116876023,0.4220189569201839,False
A022,A040,0.9505912877607462,0.4004996878900157,False
A022,A041,0.8250607870265455,0.6351377803280167,False
A022,A042,0.2403141475671677,0.5315072906367324,False
A022,A043,0.8244102961505884,0.4243819034784589,False
A022,A044,0.9528781816869256,0.2408318915758459,False
A022,A045,0.9538902036154516,0.13,False
A022,A046,0.951592403236361,0.29,False
A022,A047,0.901221695959028,0.3492849839314595,False
A022,A048,0.9337849737830738,0.5200961449578337,False
A022,A049,0.9579774949927156,0.4252058325093859,False
A022,A050,0.8664508344448857,0.5658621740318043,False
A022,A051,0.9384613913865884,0.3671511950137163,False
A022,A052,0.9428196084450472,0.3199999999999999,False
A022,A053,0.6457110759588088,0.6661080993352355,False
A022,A054,0.9370765700484246,0.4801041553663121,False
A022,A055,0.9449603706309146,0.3901281840626232,False
A022,A056,0.9365346513233946,0.0,False
A023,A024,0.9333179714614483,0.5280151512977633,True
A023,A025,0.9180556246444436,0.5597320787662612,True
A023,A026,0.9369233738723918,0.37,True
A023,A027,0.9320249854850102,0.3992492955535425,True
A023,A028,0.8998207589418442,0.4701063709417263,True
A023,A029,0.9401032960436598,0.3534119409414458,True
A023,A030,0.9322483101457072,0.3199999999999999,True
A023,A031,0.9377199743565624,0.46690470119715,True
A023,A032,0.8863302566082638,0.2647640458974745,False
A023,A033,0.8208779559787787,0.5263078946776307,False
A023,A034,0.8704097662240482,0.5860034129593445,False
A023,A035,0.8759765112882428,0.4879549159502341,False
A023,A036,0.8977410515989447,0.4220189569201839,False
A023,A037,0.916357291226216,0.191049731745428,False
A023,A038,0.8919889487824142,0.4143669871020132,False
A023,A039,0.7932783468594483,0.4518849411078001,False
A023,A040,0.9039681902642795,0.1118033988749894,False
A023,A041,0.7373718909829821,0.4243819034784589,False
A023,A042,0.2026611858610004,0.3668787265568828,False
A023,A043,0.7867500553754136,0.3535533905932737,False
A023,A044,0.9082209307643762,0.053851648071345,False
A023,A045,0.8835564534431335,0.42,False
A023,A046,0.8776036829596718,0.0,False
A023,A047,0.914161810446018,0.3534119409414458,False
A023,A048,0.8432815818603899,0.3417601498127012,False
A023,A049,0.8656115073803476,0.3201562118716424,False
A023,A050,0.7555409855875146,0.4080441152620633,False
A023,A051,0.8650364861535202,0.56859475903318,False
A023,A052,0.8562158031011436,0.4318564576337836,False
A023,A053,0.5878076434420302,0.4632493928760188,False
A023,A054,0.85663190984444,0.3901281840626232,False
A023,A055,0.8867593281242756,0.4920365840057017,False
A023,A056,0.8883845833203871,0.29,False
A024,A025,0.961617405584518,0.69,True
A024,A026,0.9312169958466664,0.8077747210701756,True
A024,A027,0.9381296017271796,0.7409453421137081,True
A024,A028,0.9273662413243646,0.7021395872616782,True
A024,A029,0.9397590419895108,0.27,True
A024,A030,0.914925826786362,0.42,True
A024,A031,0.94327991062651,0.76,True
A024,A032,0.8592897184025193,0.4031128874149275,False
A024,A033,0.8016816455705404,0.7355270219373317,False
A024,A034,0.8315559676932102,0.058309518948453,False
A024,A035,0.8299195551621191,0.0854400374531752,False
A024,A036,0.8650822556687102,0.8962700485902672,False
A024,A037,0.9170076599148238,0.4104875150354758,False
A024,A038,0.8899091916151192,0.8139410298049853,False
A024,A039,0.7978621521861174,0.765375724726098,False
A024,A040,0.9087622652192427,0.6296824596572467,False
A024,A041,0.7780440340290339,0.6606814663663572,False
A024,A042,0.3265659752117403,0.53084837759948,False
A024,A043,0.809633445505459,0.3712142238654117,False
A024,A044,0.915341890643688,0.5024937810560445,False
A024,A045,0.8960900584408118,0.3199999999999999,False
A024,A046,0.8931251899684177,0.5280151512977633,False
A024,A047,0.854723445460619,0.27,False
A024,A048,0.8879018070211858,0.54,False
A024,A049,0.9067049042430432,0.41,False
A024,A050,0.798992576102819,0.8920201791439475,False
A024,A051,0.8986221121654167,0.05,False
A024,A052,0.8930260808381006,0.13,False
A024,A053,0.636173888726305,0.9762171889492623,False
A024,A054,0.8821717386271358,0.8198780397107852,False
A024,A055,0.8930874935463039,0.7200694410957876,False
A024,A056,0.8824109013674178,0.3453983207834108,False
A025,A026,0.975109720429172,0.42,True
A025,A027,0.983856162861664,0.27,True
A025,A028,0.9872934412579056,0.13,True
A025,A029,0.9780749840974448,0.7409453421137081,True
A025,A030,0.9291073985968432,0.8077747210701756,True
A025,A031,0.956111630244864,1.026498904042279,True
A025,A032,0.9227994738491048,0.3577708763999663,False
A025,A033,0.8754370124726959,0.098488578017961,False
A025,A034,0.8972861820763623,0.7217340230306453,False
A025,A035,0.9038101694018448,0.7244308110509933,False
A025,A036,0.9303435075958516,0.521536192416212,False
A025,A037,0.962502694130489,0.4188078318274384,False
A025,A038,0.9573628907108956,0.3622154055254966,False
A025,A039,0.854247439284968,0.233452350598575,False
A025,A040,0.9693716118954934,0.6351377803280167,False
A025,A041,0.8559021945667846,0.9767292357659824,False
A025,A042,0.2640723146222999,0.8940357934669059,False
A025,A043,0.8626738720780143,0.8095060222135472,False
A025,A044,0.9614040379664366,0.5093132631298737,False
A025,A045,0.9676330218622304,0.37,False
A025,A046,0.953915520658752,0.5597320787662612,False
A025,A047,0.9047744136015018,0.7409453421137081,False
A025,A048,0.9336678592539248,0.876184911990614,False
A025,A049,0.9592377238188656,0.8026207074328445,False
A025,A050,0.8613394058614343,0.5403702434442519,False
A025,A051,0.9473468830609844,0.691809222257119,False
A025,A052,0.9516946537429598,0.7021395872616782,False
A025,A053,0.5999186692081383,0.6702984409947557,False
A025,A054,0.9361163812160276,0.4104875150354758,False
A025,A055,0.9484729656859514,0.1216552506059644,False
A025,A056,0.9469263487651566,0.3921734310225515,False
A026,A027,0.9906489516553736,0.1499999999999999,True
A026,A028,0.9636740065181308,0.29,True
A026,A029,0.9652738036780604,0.7061161377563892,True
A026,A030,0.9506158497031728,0.69,True
A026,A031,0.9604127773281134,0.7692203845452874,True
A026,A032,0.9410311034998964,0.4123105625617659,False
A026,A033,0.8833392388817057,0.3324154027718932,False
A026,A034,0.9379394476835003,0.8598255637046389,False
A026,A035,0.9457889480673848,0.7962411694957753,False
A026,A036,0.9687884239983082,0.10770329614269,False
A026,A037,0.976345443841541,0.3982461550347975,False
A026,A038,0.9660794397732796,0.0721110255092798,False
A026,A039,0.8477158439851902,0.194164878389476,False
A026,A040,0.9771883466389942,0.3668787265568828,False
A026,A041,0.8603993923248332,0.758946638440411,False
A026,A042,0.1632638310402699,0.7283543093852057,False
A026,A043,0.8485871839764267,0.7217340230306453,False
A026,A044,0.9581026108467654,0.3535533905932737,False
A026,A045,0.9744731872080816,0.5597320787662612,False
A026,A046,0.9377461192138904,0.37,False
A026,A047,0.9240297931544076,0.7061161377563892,False
A026,A048,0.9086231753705916,0.700357051795725,False
A026,A049,0.937668706212132,0.6900724599634447,False
A026,A050,0.8716889026485123,0.1216552506059644,False
A026,A051,0.9430887237971316,0.8348652585896721,False
A026,A052,0.9437869889608594,0.7484650960465691,False
A026,A053,0.571094795250296,0.250798724079689,False
A026,A054,0.9157152383483416,0.0223606797749979,False
A026,A055,0.9542595945779556,0.3006659275674581,False
A026,A056,0.9600595087126116,0.4701063709417263,False
A027,A028,0.9748348940385136,0.14,True
A027,A029,0.9683943027540528,0.69,True
A027,A030,0.9439115783345094,0.7061161377563892,True
A027,A031,0.9682969312069208,0.8462860036654275,True
A027,A032,0.935270329289138,0.3383784863137725,False
A027,A033,0.8746986772333916,0.1843908891458578,False
A027,A034,0.922573678620352,0.7879086241436883,False
A027,A035,0.9363023253552064,0.7446475676452586,False
A027,A036,0.9548341471679362,0.2531797780234432,False
A027,A037,0.9718170065622816,0.3522782990761707,False
A027,A038,0.9787458194149136,0.098488578017961,False
A027,A039,0.853749777447654,0.0565685424949238,False
A027,A040,0.9751612133698868,0.4360045871318327,False
A027,A041,0.8601686361361881,0.8188406438373708,False
A027,A042,0.1782512996090446,0.7655063683601855,False
A027,A043,0.8371288597193104,0.72691127381545,False
A027,A044,0.9589808197502528,0.3640054944640258,False
A027,A045,0.9776610878549968,0.4580392996239514,False
A027,A046,0.951096336810629,0.3992492955535425,False
A027,A047,0.91374892620692,0.69,False
A027,A048,0.915935516560933,0.7409453421137081,False
A027,A049,0.9503856134778602,0.7040596565632773,False
A027,A050,0.8853493762917642,0.2707397274136176,False
A027,A051,0.948022885343942,0.7605918747922568,False
A027,A052,0.949269452115671,0.7040596565632773,False
A027,A053,0.6091402633521662,0.4004996878900157,False
A027,A054,0.9324500978870814,0.1414213562373094,False
A027,A055,0.9622753710327596,0.1513274595042155,False
A027,A056,0.9655415221999312,0.3956008088970496,False
A028,A029,0.9717909826862704,0.7040596565632773,True
A028,A030,0.9079867025897798,0.7484650960465691,True
A028,A031,0.9421753747380972,0.9343446901438462,True
A028,A032,0.9150846441897388,0.3214031735997639,False
A028,A033,0.8778719912711298,0.0565685424949238,False
A028,A034,0.8946849718626851,0.7421590126111789,False
A028,A035,0.9005272583558444,0.7217340230306453,False
A028,A036,0.9290904347384094,0.3920459156782531,False
A028,A037,0.9495608667866404,0.3640054944640258,False
A028,A038,0.9581848724507736,0.233452350598575,False
A028,A039,0.8365051171745709,0.10770329614269,False
A028,A040,0.9621633601835916,0.5315072906367324,False
A028,A041,0.8705757680832069,0.8940357934669059,False
A028,A042,0.2344467729526123,0.82365041127896,False
A028,A043,0.854706198242928,0.758946638440411,False
A028,A044,0.9628819265307852,0.4243819034784589,False
A028,A045,0.9582354254713192,0.3921734310225515,False
A028,A046,0.9480197228781796,0.4701063709417263,False
A028,A047,0.8958987433402323,0.7040596565632773,False
A028,A048,0.9125059588905554,0.8026207074328445,False
A028,A049,0.943977228694138,0.7446475676452585,False
A028,A050,0.8677604090359895,0.4104875150354758,False
A028,A051,0.9254996028407196,0.7130918594402827,False
A028,A052,0.9331167282832143,0.69,False
A028,A053,0.6033480730609239,0.5403702434442519,False
A028,A054,0.9428603959070728,0.280713376952364,False
A028,A055,0.9344568615095912,0.0223606797749979,False
A028,A056,0.9431605670279748,0.37,False
A029,A030,0.9244927366983722,0.1499999999999999,True
A029,A031,0.9374554282295812,0.49,True
A029,A032,0.9173558316057168,0.3860051813123756,False
A029,A033,0.8896893982983867,0.7518643494673756,False
A029,A034,0.90115519147071,0.321403173599764,False
A029,A035,0.9106802107538204,0.1923538406167134,False
A029,A036,0.9303426746878865,0.771621668954417,False
A029,A037,0.9479970613174902,0.3423448553724738,False
A029,A038,0.9414204387940596,0.7355270219373317,False
A029,A039,0.857640901857563,0.7310950690573695,False
A029,A040,0.956498246386282,0.4280186911806539,False
A029,A041,0.7953848082170294,0.3911521443121589,False
A029,A042,0.213570233561358,0.2617250465660479,False
A029,A043,0.8460307141930118,0.1044030650891054,False
A029,A044,0.9655179139073028,0.354400902933387,False
A029,A045,0.9479324983335936,0.4186884283091663,False
A029,A046,0.9434563068731868,0.3534119409414458,False
A029,A047,0.908781499815312,0.0,False
A029,A048,0.9108611162754312,0.2699999999999999,False
A029,A049,0.9373739161978052,0.1399999999999999,False
A029,A050,0.8405761633830368,0.7596051605933177,False
A029,A051,0.9134774455182516,0.32,False
A029,A052,0.921159412496544,0.14,False
A029,A053,0.623309205660852,0.8149233092751734,False
A029,A054,0.9215219311706304,0.723671196055225,False
A029,A055,0.9304909636729608,0.7256721022610694,False
A029,A056,0.9298032677815568,0.3492849839314595,False
A030,A031,0.9358533797480572,0.3399999999999999,True
A030,A032,0.9007456535412444,0.4522167621838004,False
A030,A033,0.8184366904101449,0.8011242100947892,False
A030,A034,0.8765103052899431,0.4709564735726647,False
A030,A035,0.8867516886312315,0.3413209633175202,False
A030,A036,0.9081528400384354,0.7368174807915457,False
A030,A037,0.9466590171581172,0.3894868418830089,False
A030,A038,0.9100857094705332,0.7324616030891995,False
A030,A039,0.8074308097015633,0.7543208866258444,False
A030,A040,0.9427665479173444,0.3573513677041127,False
A030,A041,0.8051988931763973,0.2418677324489564,False
A030,A042,0.2574569825867792,0.1140175425099137,False
A030,A043,0.8071443126266229,0.0583095189484529,False
A030,A044,0.9373448158822753,0.3436568055487916,False
A030,A045,0.9281825271436916,0.5280151512977633,False
A030,A046,0.8864592497733407,0.3199999999999999,False
A030,A047,0.9050164336029172,0.1499999999999999,False
A030,A048,0.8435493191760869,0.12,False
A030,A049,0.8621367321943664,0.01,False
A030,A050,0.8005372461602169,0.7200694410957876,False
A030,A051,0.8892320536845022,0.47,False
A030,A052,0.8951925080776676,0.29,False
A030,A053,0.5522456677189324,0.7527283706623525,False
A030,A054,0.8907149500382651,0.7100704190430692,False
A030,A055,0.9244321767482984,0.7707788269017254,False
A030,A056,0.921795814333916,0.4318564576337836,False
A031,A032,0.9193002658466424,0.7049113419430844,False
A031,A033,0.8286217060634742,0.990858213873206,False
A031,A034,0.8962028033732847,0.8105553651663778,False
A031,A035,0.90285198977619,0.6806614430096655,False
A031,A036,0.9375208575232392,0.768439978137525,False
A031,A037,0.9561048876563186,0.6296824596572467,False
A031,A038,0.9447480664245216,0.8324061508662703,False
A031,A039,0.8223330121504665,0.9021086409075127,False
A031,A040,0.9473326430701292,0.4104875150354758,False
A031,A041,0.8386858973454111,0.1044030650891055,False
A031,A042,0.166116999363589,0.231948270094864,False
A031,A043,0.8243891199110255,0.3911521443121589,False
A031,A044,0.939588505588394,0.5173973328110612,False
A031,A045,0.9401982384220634,0.824621125123532,False
A031,A046,0.9247649040786596,0.46690470119715,False
A031,A047,0.9132333324583086,0.49,False
A031,A048,0.8854628875217744,0.22,False
A031,A049,0.9268413103517446,0.35,False
A031,A050,0.8407010623804663,0.7433034373659253,False
A031,A051,0.9373736296193916,0.81,False
A031,A052,0.938408983529977,0.63,False
A031,A053,0.6069941651308473,0.7156814934033155,False
A031,A054,0.9229207501095232,0.791580697086532,False
A031,A055,0.9437339314046492,0.9558765610684258,False
A031,A056,0.9465242254520946,0.7066116330771804,False
A032,A033,0.9188296424722948,0.366742416417845,True
A032,A034,0.928774965452196,0.4517742799230607,True
A032,A035,0.94273315133299,0.4079215610874228,True
A032,A036,0.953368213518514,0.5091168824543142,True
A032,A037,0.9455698473663744,0.076157731058639,True
A032,A038,0.9450766539552236,0.41182520563948,True
A032,A039,0.8798430383135738,0.3667424164178449,True
A032,A040,0.9347841774285384,0.3712142238654117,True
A032,A041,0.8371435905093408,0.6403124237432849,True
A032,A042,0.1054022339016887,0.5448853090330111,True
A032,A043,0.8051317216615274,0.4517742799230607,True
A032,A044,0.9109711721281968,0.2121320343559642,True
A032,A045,0.9455901572441132,0.1676305461424021,False
A032,A046,0.9263580592844308,0.2647640458974745,False
A032,A047,0.8915460309267684,0.3860051813123756,False
A032,A048,0.8932588876770635,0.5303772242470447,False
A032,A049,0.911130444600422,0.4465422712353221,False
A032,A050,0.8624796847043945,0.5099019513592784,False
A032,A051,0.918413492419425,0.425440947723653,False
A032,A052,0.9330574275150916,0.3712142238654117,False
A032,A053,0.4913715884208152,0.6129437168288782,False
A032,A054,0.9033522475824448,0.4220189569201838,False
A032,A055,0.9461311058161852,0.3423448553724738,False
A032,A056,0.9504490468514796,0.058309518948453,False
A033,A034,0.8728388090615162,0.7727871634544663,True
A033,A035,0.8891240246093677,0.7600657866263946,True
A033,A036,0.9055925984484002,0.43,True
A033,A037,0.8508652654388276,0.4143669871020132,True
A033,A038,0.8971340085018279,0.27,True
A033,A039,0.8346029869696151,0.14,True
A033,A040,0.8691211822002131,0.587962583843564,True
A033,A041,0.7394408422146468,0.95,True
A033,A042,0.2358711723107824,0.8781799360040059,True
A033,A043,0.7761964135540586,0.8099382692526635,True
A033,A044,0.8620915564145343,0.4801041553663122,True
A033,A045,0.8643353286821116,0.4197618372363071,False
A033,A046,0.8436636915216609,0.5263078946776307,False
A033,A047,0.7552738233634427,0.7518643494673756,False
A033,A048,0.8141893319478948,0.8575546629807338,False
A033,A049,0.83490231154369,0.797057087039567,False
A033,A050,0.782265662433891,0.4504442251822083,False
A033,A051,0.8257459073742782,0.7433034373659252,False
A033,A052,0.8187160869980961,0.7310950690573695,False
A033,A053,0.4718748012071382,0.5803447251418764,False
A033,A054,0.8188695224438489,0.3206243908376279,False
A033,A055,0.8772074879030386,0.0360555127546399,False
A033,A056,0.8424289227418462,0.4119465984809196,False
A034,A035,0.9904539097668352,0.13,True
A034,A036,0.941061233438146,0.95,True
A034,A037,0.9294860831273062,0.4640043103248072,True
A034,A038,0.9220857325626468,0.8635392289873113,True
A034,A039,0.8343938531862984,0.8099382692526635,True
A034,A040,0.9161548259033124,0.6879680225126746,True
A034,A041,0.8696748409965579,0.71,True
A034,A042,0.027375235757567,0.5800000000000001,True
A034,A043,0.768851242647873,0.42,True
A034,A044,0.9011025293524072,0.5597320787662612,True
A034,A045,0.927082528806985,0.3535533905932737,False
A034,A046,0.8983574434290766,0.5860034129593445,False
A034,A047,0.8922764758793,0.321403173599764,False
A034,A048,0.8846132851268462,0.5907622195096772,False
A034,A049,0.89452997150455,0.4609772228646444,False
A034,A050,0.8327112294960954,0.9464142856064676,False
A034,A051,0.8955214219254557,0.03,False
A034,A052,0.8978155182658483,0.1824828759089466,False
A034,A053,0.5447839789841272,1.0324727599312244,False
A034,A054,0.8752690064379421,0.8713208364316786,False
A034,A055,0.9020418047362108,0.7592759709091287,False
A034,A056,0.916008066053425,0.3935733730830885,False
A035,A036,0.9494524568020356,0.8781799360040059,True
A035,A037,0.9390438065339504,0.3992492955535425,True
A035,A038,0.9414696149148232,0.8099382692526635,True
A035,A039,0.8638110499607409,0.7746612162745725,True
A035,A040,0.930638974440353,0.5825804665451804,True
A035,A041,0.8579086185049759,0.5800000000000001,True
A035,A042,0.0138232820867143,0.45,True
A035,A043,0.7772518758212702,0.29,True
A035,A044,0.9102054864481932,0.4701063709417263,True
A035,A045,0.9433788772565742,0.3590264614203248,False
A035,A046,0.920353643087094,0.4879549159502341,False
A035,A047,0.8982029862680048,0.1923538406167134,False
A035,A048,0.8859758483396086,0.4609772228646444,False
A035,A049,0.9086302209933936,0.3313608305156178,False
A035,A050,0.8550058655356163,0.8713208364316786,False
A035,A051,0.906697249023496,0.1334166406412633,False
A035,A052,0.908066811127924,0.058309518948453,False
A035,A053,0.5497902880711941,0.9464142856064676,False
A035,A054,0.8959818758316661,0.8102468759581859,False
A035,A055,0.9196031372961848,0.7410802925459562,False
A035,A056,0.9358847844205056,0.3535533905932737,False
A036,A037,0.9546783383806824,0.4860041152089147,True
A036,A038,0.965876077726102,0.1599999999999999,True
A036,A039,0.8707254779216573,0.29,True
A036,A040,0.9572387437612396,0.3901281840626232,True
A036,A041,0.8520004017272966,0.7727871634544663,True
A036,A042,0.0592385536281335,0.7600657866263946,True
A036,A043,0.8427363363213262,0.7746612162745725,True
A036,A044,0.9292572597506842,0.4178516483155235,True
A036,A045,0.9568932754312588,0.6621933252457322,False
A036,A046,0.9333275096458996,0.4220189569201839,False
A036,A047,0.904657860316368,0.771621668954417,False
A036,A048,0.8992378629368619,0.7302739212103907,False
A036,A049,0.9274523153881996,0.7382411530116699,False
A036,A050,0.8733577381852926,0.0282842712474619,False
A036,A051,0.9229309852498594,0.9261749294814668,False
A036,A052,0.9265545864610896,0.8276472678623423,False
A036,A053,0.5181914661668777,0.1513274595042155,False
A036,A054,0.8938938458846347,0.1118033988749894,False
A036,A055,0.9522849665387676,0.4004996878900157,False
A036,A056,0.948983957270598,0.5658621740318043,False
A037,A038,0.9558173160978268,0.4110960958218893,True
A037,A039,0.8585153655962274,0.39,True
A037,A040,0.9858722506295304,0.3,True
A037,A041,0.8815960129401429,0.5672741841473133,True
A037,A042,0.1112345823349023,0.4763402145525821,True
A037,A043,0.872807099168398,0.3956008088970496,True
A037,A044,0.9630539359611592,0.14,True
A037,A045,0.9801386834357814,0.2308679276123038,False
A037,A046,0.9486267125596992,0.191049731745428,False
A037,A047,0.9506251530865266,0.3423448553724738,False
A037,A048,0.912006317506102,0.4601086828130936,False
A037,A049,0.936059208200178,0.3847076812334268,False
A037,A050,0.8831242535711983,0.4827007354458867,False
A037,A051,0.9619470186937578,0.4404543109109048,False
A037,A052,0.957650519353772,0.354400902933387,False
A037,A053,0.5723446146098324,0.5748912940721924,False
A037,A054,0.9309770016704062,0.4114608122288197,False
A037,A055,0.9468140828695674,0.3860051813123756,False
A037,A056,0.976007604869234,0.1019803902718556,False
A038,A039,0.8668672847551749,0.13,True
A038,A040,0.9657428791216148,0.4254409477236529,True
A038,A041,0.879062446807705,0.8170679286326199,True
A038,A042,0.0843174684173577,0.7787810988975015,True
A038,A043,0.8340507863096092,0.7600657866263946,True
A038,A044,0.9380396405417404,0.3901281840626232,True
A038,A045,0.9712060258349952,0.5456189146281496,False
A038,A046,0.9530423665434392,0.4143669871020132,False
A038,A047,0.8865644698561681,0.7355270219373317,False
A038,A048,0.8938997431703369,0.7518643494673756,False
A038,A049,0.9398502029176397,0.7317103251970686,False
A038,A050,0.8902961412671138,0.1811077027627483,False
A038,A051,0.9334343968961604,0.8372574275573791,False
A038,A052,0.938454350582632,0.765375724726098,False
A038,A053,0.5719684469893355,0.3106444913401813,False
A038,A054,0.9261313232956008,0.053851648071345,False
A038,A055,0.9606386156962818,0.2408318915758459,False
A038,A056,0.9650813870598086,0.4701063709417263,False
A039,A040,0.8501408392354466,0.4920365840057017,True
A039,A041,0.7803514856499736,0.873212459828649,True
A039,A042,0.0452941062293009,0.8170679286326199,True
A039,A043,0.7382068779732158,0.7727871634544663,True
A039,A044,0.8240998328483331,0.4143669871020132,True
A039,A045,0.8704898992336781,0.4701063709417263,False
A039,A046,0.8841490503112067,0.4518849411078001,False
A039,A047,0.7825968079724249,0.7310950690573695,False
A039,A048,0.8578246786411413,0.793095202355934,False
A039,A049,0.8672277134957636,0.7518643494673756,False
A039,A050,0.803326977449524,0.3106444913401813,False
A039,A051,0.8269006153108762,0.7818567643756751,False
A039,A052,0.8307811659657857,0.7368174807915457,False
A039,A053,0.5013584887834265,0.4404543109109048,False
A039,A054,0.8589953525129101,0.1811077027627483,False
A039,A055,0.9058713881986988,0.1118033988749894,False
A039,A056,0.8643617595577723,0.4220189569201839,False
A040,A041,0.8796434761274657,0.3921734310225515,True
A040,A042,0.1357974423302118,0.37,True
A040,A043,0.9018946651203296,0.4031128874149274,True
A040,A044,0.96645788375845,0.1599999999999999,True
A040,A045,0.9814117885530012,0.5303772242470448,False
A040,A046,0.9556814759509488,0.1118033988749894,False
A040,A047,0.9354898509491948,0.4280186911806539,False
A040,A048,0.9030064198708352,0.3401470270338989,False
A040,A049,0.9450361824463892,0.3605551275463989,False
A040,A050,0.8845390598555221,0.3701351104664349,False
A040,A051,0.9605450962836296,0.6723094525588645,False
A040,A052,0.9529677292817904,0.5249761899362675,False
A040,A053,0.5262554116189272,0.3956008088970496,False
A040,A054,0.9258145704001328,0.3889730067755345,False
A040,A055,0.9478520428668998,0.552268050859363,False
A040,A056,0.9662512733601618,0.4004996878900157,False
A041,A042,0.0196219728644574,0.13,True
A041,A043,0.7372143291322361,0.29,True
A041,A044,0.8407632614500542,0.4701063709417263,True
A041,A045,0.8958157629526823,0.7470609078247903,False
A041,A046,0.8432806855172617,0.4243819034784589,False
A041,A047,0.8438037836323374,0.3911521443121589,False
A041,A048,0.7959161505889096,0.1236931687685298,False
A041,A049,0.8349425486493527,0.2517935662402834,False
A041,A050,0.783107904466101,0.7496665925596524,False
A041,A051,0.8900530918987629,0.7106335201775947,False
A041,A052,0.8689510139803716,0.53084837759948,False
A041,A053,0.4886220013603914,0.7400675644831355,False
A041,A054,0.8560832503918452,0.7810889834071404,False
A041,A055,0.866828594610482,0.9160785992479028,False
A041,A056,0.8896298038348853,0.6351377803280167,False
A042,A043,0.1662548048626131,0.1599999999999999,True
A042,A044,0.1731878239464882,0.4031128874149274,True
A042,A045,0.1230083389151501,0.6351377803280167,False
A042,A046,0.1125566019241037,0.3668787265568828,False
A042,A047,0.0465102284231833,0.2617250465660479,False
A042,A048,0.2008040962009988,0.0316227766016838,False
A042,A049,0.1422461189806295,0.1236931687685298,False
A042,A050,0.0384197682538425,0.7400675644831355,False
A042,A051,0.1472354112378224,0.5807753438292642,False
A042,A052,0.1502275020483783,0.4011234224026315,False
A042,A053,0.1774064521311085,0.7531268153505092,False
A042,A054,0.1570471864109305,0.7496665925596524,False
A042,A055,0.148454655359583,0.8459905436823747,False
A042,A056,0.0766292538781489,0.5315072906367324,False
A043,A044,0.8135297569945114,0.37,True
A043,A045,0.8323669162642662,0.5093132631298737,False
A043,A046,0.8362022527449168,0.3535533905932737,False
A043,A047,0.8104036839534713,0.1044030650891054,False
A043,A048,0.8014987626377703,0.1726267650163206,False
A043,A049,0.8402164240262419,0.0499999999999999,False
A043,A050,0.7718672106376362,0.7592759709091287,False
A043,A051,0.8279992754161273,0.421070065428546,False
A043,A052,0.8440965053080158,0.2418677324489564,False
A043,A053,0.2666445958762108,0.7984985911070851,False
A043,A054,0.7662120632814297,0.7410802925459562,False
A043,A055,0.7925813358356655,0.7810889834071404,False
A043,A056,0.815094376625449,0.4243819034784589,False
A044,A045,0.9615545548538644,0.3705401462729781,False
A044,A046,0.9368674628977,0.053851648071345,False
A044,A047,0.9257307928828624,0.354400902933387,False
A044,A048,0.8924382057670471,0.3801315561749642,False
A044,A049,0.92026525062758,0.3423448553724738,False
A044,A050,0.85146713111928,0.4071854614300466,False
A044,A051,0.9334846131005792,0.5403702434442519,False
A044,A052,0.9172586368994609,0.4161730409336961,False
A044,A053,0.6224987020258023,0.4763402145525821,False
A044,A054,0.9413351451328744,0.3721558813185678,False
A044,A055,0.9330126983559174,0.4465422712353221,False
A044,A056,0.9473151266090352,0.2408318915758459,False
A045,A046,0.9688373547830272,0.42,True
A045,A047,0.9463189374227564,0.4186884283091663,True
A045,A048,0.9254476682322956,0.6276941930590086,True
A045,A049,0.9600436339128344,0.5200961449578337,True
A045,A050,0.895036007062016,0.6661080993352355,True
A045,A051,0.97521364085865,0.3238826948140328,True
A045,A052,0.972248346250875,0.3453983207834108,True
A045,A053,0.5672241261254293,0.7752418977325722,True
A045,A054,0.9474419012173548,0.5658621740318043,True
A045,A055,0.970105207058628,0.4080441152620633,True
A045,A056,0.9870633325931312,0.13,True
A046,A047,0.9243838311673488,0.3534119409414458,True
A046,A048,0.9567663782567466,0.3417601498127012,True
A046,A049,0.9865048608104544,0.3201562118716424,True
A046,A050,0.8940322049690372,0.4080441152620633,True
A046,A051,0.9483973669706124,0.56859475903318,True
A046,A052,0.9543951859847436,0.4318564576337836,True
A046,A053,0.5278764723042524,0.4632493928760188,True
A046,A054,0.968837145080426,0.3901281840626232,True
A046,A055,0.9390558246379528,0.4920365840057017,True
A046,A056,0.9593984262545534,0.29,True
A047,A048,0.8878221864207704,0.2699999999999999,True
A047,A049,0.9122870226106854,0.1399999999999999,True
A047,A050,0.7963265750950381,0.7596051605933177,True
A047,A051,0.9345722767249504,0.32,True
A047,A052,0.957749667407127,0.14,True
A047,A053,0.4914254311585886,0.8149233092751734,True
A047,A054,0.90434190659788,0.723671196055225,True
A047,A055,0.9002098866658227,0.7256721022610694,True
A047,A056,0.9420928594098222,0.3492849839314595,True
A048,A049,0.9735454134191652,0.13,True
A048,A050,0.839876120039602,0.71,True
A048,A051,0.9140007022576616,0.5900000000000001,True
A048,A052,0.9346511812245496,0.41,True
A048,A053,0.4803638034136944,0.7218032973047436,True
A048,A054,0.9205501360812612,0.7218032973047436,True
A048,A055,0.9025584717259196,0.8249242389456137,True
A048,A056,0.9061584126456748,0.5200961449578337,True
A049,A050,0.8879080416685353,0.7218032973047436,True
A049,A051,0.955253258661128,0.46,True
A049,A052,0.9606307552117506,0.2799999999999999,True
A049,A053,0.5173489412771384,0.7561084578286371,True
A049,A054,0.9431537319588282,0.71,True
A049,A055,0.93202106995214,0.7669419795525604,True
A049,A056,0.944923433041078,0.4252058325093859,True
A050,A051,0.8593864279279796,0.9231467922275416,True
A050,A052,0.8502985078043522,0.8198780397107852,True
A050,A053,0.5974460875880498,0.13,True
A050,A054,0.8629839988581433,0.13,True
A050,A055,0.8502926308241533,0.42,True
A050,A056,0.8924704523266569,0.5658621740318043,True
A051,A052,0.9687534150137788,0.18,True
A051,A053,0.5448934206706774,1.0111874208078342,True
A051,A054,0.9201266249297811,0.8459905436823747,True
A051,A055,0.9394272969723964,0.7300684899377592,True
A051,A056,0.9619203483992248,0.3671511950137163,True
A052,A053,0.5234498523697494,0.8920201791439475,True
A052,A054,0.9289930808009592,0.7632168761236874,True
A052,A055,0.9504306611427754,0.7100704190430692,True
A052,A056,0.9683986642756468,0.3199999999999999,True
A053,A054,0.589917566170796,0.26,True
A053,A055,0.5505476177871077,0.55,True
A053,A056,0.5707400810704045,0.6661080993352355,True
A054,A055,0.9268296313621364,0.29,True
A054,A056,0.9515122672182476,0.4801041553663121,True
A055,A056,0.9638814617353308,0.3901281840626232,True
