sensor_id,active_minutes,mean_db,median_db,std_db,min_db,max_db,p05_db,p10_db,p25_db,p75_db,p90_db,p95_db,high_exposure_share_60,high_exposure_share_65,high_exposure_share_70,quiet_share_45,quiet_share_50,quiet_share_55,iqr_db,range_db,floor,company_id,zone_type,approx_people,x,y,burst_rate_per_hour,burstiness_index,exposure_variability_index,day_night_difference_db,weekday_weekend_difference_db,profile_stability_score
A001,43125,62.0710984115942,55.275,10.2725266715906,51.967,85.891,52.923,53.242,53.978,74.289,77.3504,79.571,0.361368115942029,0.342863768115942,0.337831884057971,0.0,0.0,0.4663188405797101,20.311,33.92400000000001,Main_Floor_A,Deployment_A,unknown,16,0.74,0.84,,,0.9017857142857144,13.531631541666655,-3.5664804531142096,0.9007012212394642
A002,40269,60.870441555539,57.857,6.230091438611335,51.817,85.187,54.022,54.615,56.022,66.565,70.56,72.165,0.3943480096352033,0.2866224639300703,0.1224763465693213,0.0,0.0,0.1365318234870496,10.543,33.37,Main_Floor_A,Deployment_A,unknown,16,0.84,0.84,,,0.6041666666666666,10.201959416167972,-1.3042102063410326,0.980850306922834
A003,41838,55.345772049333135,53.099,8.268290725847912,42.956,86.604,45.099,45.901,48.109,63.604,67.308,69.033,0.3359864238252306,0.1953487260385295,0.032625842535494,0.0441225680003824,0.3713370620010516,0.5737845977341173,15.494999999999996,43.648,Main_Floor_A,Deployment_A,unknown,16,0.82,0.12,,,0.4761904761904762,13.527895708812268,-2.806877218688001,0.9619120788052488
A004,43125,56.29050627246377,53.692,7.062512825975333,42.692,80.462,47.6524,48.565,50.297,63.791,66.22,67.50399999999998,0.3628985507246376,0.1724289855072464,0.0079768115942028,0.0009739130434782,0.2194086956521739,0.5628985507246377,13.494,37.77,Main_Floor_A,Deployment_A,unknown,16,0.39,0.38,,,0.3511904761904762,9.897039796296298,-2.310505157229862,0.9678622508137896
A005,12468,60.34840704202759,60.150000000000006,7.04348301899303,48.865,80.923,50.632,51.1104,52.75,66.75750000000001,69.038,70.333,0.5076195059351941,0.3663779274943856,0.0614372794353545,0.0,0.0121912094963105,0.3333333333333333,14.007500000000007,32.058,Main_Floor_A,Deployment_A,unknown,16,0.94,0.12,,,0.494047619047619,10.941597857882812,-2.4676184178010274,0.9249015383922264
A006,43096,58.88550884072768,55.3145,8.114627920120343,48.044,83.848,50.337,51.055,53.011,65.087,71.484,74.663,0.3188927046593651,0.2507425283088917,0.1612214590681269,0.0,0.0316966771858177,0.4777705587525524,12.076,35.804,Main_Floor_A,Deployment_A,unknown,16,0.81,0.43,,,0.6011904761904762,12.375240253678191,-3.3821340860435853,0.9629432913770536
A007,43125,57.58806592463768,54.826,6.8948569881682245,45.187,78.264,49.337,50.341,52.359,64.234,68.31739999999999,69.75,0.3276289855072464,0.2287304347826086,0.0434550724637681,0.0,0.082759420289855,0.5134144927536232,11.874999999999991,33.077,Main_Floor_A,Deployment_A,unknown,16,0.32,0.84,,,0.4523809523809523,10.684572277777782,-2.9549103367999336,0.9828621482169162
A008,43125,61.0593059942029,57.609,6.486181205269228,51.681,82.165,54.659,55.26520000000001,56.297,68.078,71.4282,72.783,0.3528579710144927,0.3009623188405797,0.1708289855072463,0.0,0.0,0.0756869565217391,11.781000000000006,30.48400000000001,Main_Floor_A,Deployment_A,unknown,16,0.47,0.84,,,0.6815476190476191,9.12831112962963,-2.293144870455073,0.9765510762377168
A009,40270,61.44559113483983,58.571,5.681019709336432,53.013,85.187,55.934,56.495,57.293,66.011,70.85719999999999,72.462,0.3824186739508319,0.2785199900670474,0.1308418177303203,0.0,0.0,0.0091383163645393,8.717999999999996,32.174,Main_Floor_A,Deployment_A,unknown,16,0.62,0.84,,,0.5625,8.215928000618867,-2.2972443432906644,0.979580628113537
A010,14819,55.20956839192928,53.061,6.858241379383341,46.0,78.667,47.0,47.5,48.933,60.5,65.625,67.16,0.2639179431810513,0.1251771374586679,0.0075578649031648,0.0,0.3257304811390782,0.5456508536338485,11.567,32.667,Main_Floor_B,Deployment_A,unknown,16,0.72,0.84,,,0.3095238095238095,12.008421995497166,-1.7649923771229863,0.9258945939309956
A011,40269,54.48129275621445,53.087,6.450296182340415,45.815,74.489,46.934,47.293,48.245,60.264,64.06880000000004,65.604,0.2576423551615386,0.0676202537932404,0.0017879758623258,0.0,0.3610469591993841,0.5815639822195734,12.019000000000004,28.674000000000007,Main_Floor_B,Deployment_A,unknown,16,0.58,0.84,,,0.244047619047619,10.824009413186609,-2.2221285031802367,0.952179216578248
A012,42428,55.93356236447629,53.783,7.93626941649288,45.859,76.033,46.685,47.065,47.956,64.352,66.25890000000001,67.565,0.3981804468747054,0.1967097199962289,0.0092627510134816,0.0,0.3813047987178278,0.5285189026114829,16.396,30.174,Main_Floor_B,Deployment_A,unknown,16,0.43,0.47,,,0.3928571428571428,14.45602917401022,-2.630443541368216,0.9757717480793476
A013,43125,61.304272742028985,59.929,3.957819000661847,56.278,77.143,57.054,57.143,57.935,65.352,66.989,68.132,0.4902028985507246,0.2673855072463768,0.0122666666666666,0.0,0.0,0.0,7.417000000000002,20.865,Main_Floor_B,Deployment_A,unknown,16,0.86,0.15,,,0.3660714285714286,6.1370804027777766,-1.4525399229134806,0.9512010978420476
A014,43125,58.3638352231884,56.022,6.233426156514002,50.923,79.648,51.549,51.804,52.5,65.0,67.2626,68.242,0.3685333333333333,0.2504811594202898,0.0125449275362318,0.0,0.0,0.4366608695652174,12.5,28.724999999999994,Main_Floor_B,Deployment_A,unknown,16,0.72,0.47,,,0.5029761904761906,9.2523189212963,-2.2755761983057994,0.9494900972980412
A015,41768,60.66168377705421,59.304,3.57820195785021,53.0,74.508,56.957,57.167,57.646,63.429,66.31030000000001,67.4,0.4378471557172955,0.1713512737023558,0.0048841218157441,0.0,0.0,0.0029208963800038,5.783000000000001,21.508,Main_Floor_B,Deployment_A,unknown,16,0.58,0.15,,,0.2886904761904762,5.529987541484623,-1.3594138664145348,0.9774459739930496
A016,15192,57.45507273565034,55.054,4.852645890210776,51.348,86.75,52.659,52.891,53.326,61.27775,65.1758,66.533,0.3037124802527646,0.1076882569773565,0.0040152711953659,0.0,0.0,0.494536598209584,7.951749999999997,35.402,Main_Floor_B,Deployment_A,unknown,16,0.72,0.15,,,0.3482142857142857,7.460122098264023,-2.0503980365132435,0.654861709348381
A017,43125,60.73722337391304,59.069,4.826047406105546,52.805,87.862,55.126,55.6032,56.724,64.586,68.264,69.563,0.4435014492753623,0.2330666666666666,0.038631884057971,0.0,0.0,0.0417623188405797,7.862000000000002,35.056999999999995,Main_Floor_B,Deployment_A,unknown,16,0.43,0.15,,,0.4672619047619048,7.7232727777777725,-1.5681460073195197,0.979859805334697
A018,8238,62.81719664967225,64.0,5.777210072526267,50.0,78.5,52.4794,53.0,60.38525,66.73649999999999,69.43860000000001,71.2259,0.7794367564942948,0.4157562515173585,0.0816945860645787,0.0,0.0001213886865744,0.1779558145180869,6.351249999999993,28.5,Main_Floor_B,Deployment_A,unknown,16,0.09,0.15,,,0.4285714285714285,9.623547536296606,-1.9463756462651745,0.9055323682138928
A019,34805,54.70346447349519,53.674,5.396365637696993,47.062,72.272,48.63,48.923,49.652,59.424,62.902,64.272,0.222812814250826,0.0320356270650768,0.0001723890245654,0.0,0.3013360149403821,0.5839965522195087,9.771999999999998,25.210000000000008,Main_Floor_B,Deployment_A,unknown,16,0.43,0.84,,,0.1607142857142857,9.024609308346406,-1.5123636010085733,0.961321261089149
A020,43125,59.08239146666667,57.196,4.758685644088439,52.582,75.217,54.033,54.272,54.967,63.099,66.609,67.868,0.3487304347826087,0.1798492753623188,0.0096695652173913,0.0,0.0,0.2567420289855072,8.131999999999998,22.635,Main_Floor_B,Deployment_A,unknown,16,0.84,0.84,,,0.3958333333333333,7.555525578703708,-1.553843396401568,0.97592642928485
A021,43095,60.72860730943265,59.13,4.110491429644947,56.609,81.359,57.087,57.228,57.489,63.066,67.576,69.11859999999999,0.4022508411648683,0.1890010442046641,0.0303747534516765,0.0,0.0,0.0,5.577000000000005,24.749999999999996,Main_Floor_C,Deployment_A,unknown,16,0.85,0.47,,,0.4196428571428572,5.379486648148159,-1.444809148592114,0.9677008196281844
A022,43042,59.16728072580271,56.457,4.622686917486037,53.227,76.451,55.228,55.37,55.652,62.88,66.696,68.352,0.3377863482180196,0.1660238836485293,0.0191440918172947,0.0,0.0,0.0187955950002323,7.2280000000000015,23.224,Main_Floor_C,Deployment_A,unknown,16,0.72,0.47,,,0.4077380952380953,6.342112106877998,-1.7682180081179126,0.9706592378519264
A023,43125,55.4793691826087,50.522,8.22440486481392,47.351,75.67,48.239,48.5,49.054,64.284,68.42139999999999,70.099,0.3218086956521739,0.234063768115942,0.0540289855072463,0.0,0.4388869565217391,0.6497391304347826,15.230000000000004,28.319000000000003,Main_Floor_C,Deployment_A,unknown,16,0.43,0.47,,,0.4761904761904761,10.603662254629633,-3.409321751460908,0.9580845634531976
A024,43125,59.08508426666667,57.33,4.091435151668694,54.859,74.946,55.326,55.446,55.731,62.077,65.56,67.022,0.3594202898550724,0.1239188405797101,0.0055652173913043,0.0,0.0,0.0010898550724637,6.3459999999999965,20.087,Main_Floor_C,Deployment_A,unknown,16,0.85,0.15,,,0.318452380952381,5.456498425925922,-1.2756032231514638,0.9666073233156016
A025,43125,57.18640310724638,54.489,5.191341217020536,51.043,83.692,52.152,52.391,53.098,61.467,65.626,67.132,0.2897391304347826,0.1236173913043478,0.0060521739130434,0.0,0.0,0.5472695652173913,8.369,32.648999999999994,Main_Floor_C,Deployment_A,unknown,16,0.85,0.84,,,0.3720238095238095,7.463570439814816,-2.019066036500057,0.97625961045775
A026,43125,54.7483660057971,51.109,7.730686170412364,44.571,77.231,46.543,47.0214,48.337,62.231,67.0,68.48279999999997,0.2944695652173913,0.1751884057971014,0.0199420289855072,4.63768115942029e-05,0.3999536231884057,0.6363130434782609,13.893999999999998,32.66,Main_Floor_C,Deployment_A,unknown,16,0.43,0.84,,,0.4107142857142857,11.886386069444448,-3.141945449096262,0.9774516454963308
A027,43114,55.68530523727792,52.435500000000005,5.937423381862817,48.449,81.396,50.522,50.78,51.25,60.703,65.582,67.19869999999999,0.2607969569049497,0.1221181054877765,0.009138562879807,0.0,0.0065407988124507,0.6538943266688315,9.453000000000005,32.947,Main_Floor_C,Deployment_A,unknown,16,0.58,0.84,,,0.3095238095238095,8.555537479649658,-2.1914830332299218,0.9802540864093932
A028,43125,59.78219524637681,58.088,3.7674060655952335,55.196,80.283,56.141,56.446,57.054,62.076,66.08339999999998,67.571,0.3340985507246377,0.142168115942029,0.008927536231884,0.0,0.0,0.0,5.021999999999999,25.087000000000003,Main_Floor_C,Deployment_A,unknown,16,0.72,0.84,,,0.3363095238095238,5.30320834259259,-1.4874032941336992,0.9777240121749308
A029,43125,58.46909203478261,52.176,9.540533692609785,49.402,79.516,50.196,50.326,50.685,68.527,73.315,75.19339999999998,0.3683478260869565,0.3138550724637681,0.2125449275362319,0.0,0.0145623188405797,0.5944579710144927,17.842,30.114000000000004,Main_Floor_C,Deployment_A,unknown,16,0.58,0.15,,,0.6964285714285715,12.727533587962952,-4.66674274319152,0.9265079570577092
A030,30630,64.6278733268038,63.577,2.8768680958907824,37.0,98.0,61.0,63.0,63.24775,65.97325000000001,68.681,69.92055,0.981064316030036,0.2993796931113288,0.0479921645445641,9.79431929480901e-05,0.0004570682337577,0.0027097616715638,2.725500000000011,61.0,Main_Floor_C,Deployment_A,unknown,16,0.43,0.15,,,0.2916666666666667,2.9576620415687174,-0.7575484856816672,0.924381019936042
A031,43125,58.38416793043479,56.859,5.681699037341616,49.34,77.396,51.391,51.859,53.272,63.813,66.804,68.297,0.3611130434782608,0.178527536231884,0.0178782608695652,0.0,0.0005797101449275,0.3413565217391304,10.541000000000004,28.056,Main_Floor_C,Deployment_A,unknown,16,0.09,0.15,,,0.3333333333333333,8.639136226851846,-2.0695554997168277,0.9639152216457084
A032,40375,62.318035987616106,59.098,6.145222252811678,55.337,81.989,56.44,56.717,57.272,67.5085,72.1862,73.802,0.4467120743034056,0.3194798761609907,0.1779566563467492,0.0,0.0,0.0,10.2365,26.652,Main_Floor_D,Deployment_A,unknown,16,0.69,0.52,,,0.6458333333333334,8.536969419629692,-3.073876849033958,0.9634577723111806
A033,43125,62.96748435942028,58.062,7.825413738858919,54.728,86.293,55.663,56.055,56.761,70.391,74.109,76.00879999999995,0.4021565217391304,0.3817739130434782,0.2649971014492753,0.0,0.0,0.0002782608695652,13.630000000000004,31.565000000000005,Main_Floor_D,Deployment_A,unknown,16,0.76,0.88,,,0.8422619047619048,10.0158985925926,-5.078879453127343,0.9578126313671692
A034,43114,66.17082147330333,65.1885,3.636102437689432,60.189,82.565,61.74,62.159,63.36,68.47775,71.84,73.289,1.0,0.5248411188940947,0.1775293408173679,0.0,0.0,0.0,5.117750000000001,22.376,Main_Floor_D,Deployment_A,unknown,16,0.9,0.12,,,0.5148809523809524,5.665569886064027,-1.591033171059692,0.9570013450261902
A035,43125,65.25966947246377,63.522,4.6771031378064745,59.543,81.055,60.304,60.598,61.297,68.217,72.8342,74.56,0.989936231884058,0.4157449275362319,0.1928115942028985,0.0,0.0,0.0,6.920000000000002,21.512000000000008,Main_Floor_D,Deployment_A,unknown,16,0.77,0.12,,,0.5744047619047619,7.320576893518513,-2.0520279661573118,0.9646323743260126
A036,43125,60.74527452753624,57.187,7.192081950566653,52.264,80.055,53.308,53.826,55.681,67.56,72.33,74.51499999999999,0.3373449275362319,0.2920811594202898,0.1958028985507246,0.0,0.0,0.1876405797101449,11.879000000000003,27.791000000000004,Main_Floor_D,Deployment_A,unknown,16,0.33,0.88,,,0.7589285714285715,10.966047027777776,-3.0443216684294967,0.9711555917913458
A037,43125,61.082927443478255,56.714,7.332223393467164,52.761,91.088,54.163,54.604,55.359,68.163,72.935,74.554,0.3945507246376811,0.3112811594202898,0.2046144927536232,0.0,0.0,0.152695652173913,12.803999999999997,38.32699999999999,Main_Floor_D,Deployment_A,unknown,16,0.62,0.49,,,0.7708333333333334,10.501334921296298,-2.5544656712275327,0.9661779621642392
A038,43125,56.98108946086956,53.88,6.268428492288674,49.576,76.63,50.848,51.25,52.228,63.022,67.253,68.6078,0.3025391304347826,0.1935072463768116,0.0197101449275362,0.0,0.0015536231884057,0.6085565217391304,10.793999999999995,27.053999999999995,Main_Floor_D,Deployment_A,unknown,16,0.49,0.88,,,0.4047619047619048,9.249204949074077,-2.168875947945736,0.9856961458948368
A039,40304,63.39941628622469,60.696,5.945321216883228,55.022,84.495,56.543,57.143,58.857,68.913,72.659,74.07539999999999,0.5900903136165145,0.3496675267963477,0.2115422786820166,0.0,0.0,0.0,10.055999999999996,29.47300000000001,Main_Floor_D,Deployment_A,unknown,16,0.62,0.88,,,0.6696428571428572,9.306049500305852,-2.0632858115065176,0.9858559722851852
A040,41697,65.87227798162938,62.396,6.2284699246667135,59.385,97.923,60.256,60.739,61.37,69.488,76.703,78.65279999999998,0.9819891119265176,0.3635513346283905,0.2424874691224788,0.0,0.0,0.0,8.118000000000002,38.538,Main_Floor_D,Deployment_A,unknown,16,0.32,0.49,,,0.7113095238095238,9.264930399904216,-1.9934615475143431,0.977024034318467
A041,43125,60.52582471884058,58.337,4.484544371000549,53.569,84.2,55.967,56.385,57.144,64.457,67.582,68.978,0.3703884057971014,0.2293101449275362,0.0275246376811594,0.0,0.0,0.0019014492753623,7.312999999999995,30.631,Main_Floor_D,Deployment_A,unknown,16,0.19,0.12,,,0.4196428571428572,6.971403819444447,-1.236912682776918,0.9745761437458712
A042,41696,50.73442471699923,50.467,2.153901681344936,43.154,65.772,47.857,48.348,49.283,51.804,53.283,54.6095,0.0036694167306216,7.194934765924789e-05,0.0,0.0002877973906369,0.4056983883346124,0.9600920951650038,2.521000000000001,22.618,Main_Floor_D,Deployment_A,unknown,16,0.32,0.12,,,0.0238095238095238,1.40427700633969,-0.6631606811988462,0.530486362027072
A043,41698,61.64832306105808,57.315,6.623380917380774,53.421,91.209,55.543,55.815,56.326,67.58425,71.6286,73.196,0.4068540457575902,0.3716725022782867,0.1634370953043311,0.0,0.0,0.0068108782195788,11.258249999999997,37.788,Main_Floor_D,Deployment_A,unknown,16,0.48,0.12,,,0.6875,9.725635660919544,-1.321424135175448,0.9338120339905488
A044,42871,64.91579729887337,63.727,5.778160965666204,55.385,100.0,57.912,58.523,59.868,69.10249999999999,73.538,75.4525,0.7363952322082526,0.4589582701593152,0.219145809521588,0.0,0.0,0.0,9.23449999999999,44.615,Main_Floor_D,Deployment_A,unknown,16,0.48,0.49,,,0.6636904761904763,7.867695845187704,-2.015785307350044,0.964742280891015
A045,42697,61.36076974963112,58.326,5.432369409436902,55.5,83.951,56.88,57.033,57.604,64.692,70.89,72.44,0.3420380823008642,0.2439749865330117,0.1311333348947232,0.0,0.0,0.0,7.087999999999994,28.450999999999997,Main_Floor_E,Deployment_A,unknown,16,0.85,0.47,,,0.5625,7.505329737349541,-2.209529541885608,0.9845741326292212
A046,43124,55.81289029310824,52.944,6.242123091721727,45.511,75.511,49.522,50.065,51.011,60.516,66.33,67.637,0.2654670253223263,0.1537890733698172,0.0081393191726184,0.0,0.093660142843892,0.6268203320656711,9.504999999999995,29.999999999999996,Main_Floor_E,Deployment_A,unknown,16,0.43,0.47,,,0.2976190476190476,9.287154176867546,-2.2790205947163287,0.9746102287304954
A047,39381,59.186245245169,55.228,6.889113540564957,48.815,79.033,52.626,53.087,54.143,65.187,70.648,71.833,0.3362789162286382,0.2570782864833295,0.1298087910413651,0.0,2.539295599400726e-05,0.4628881948147584,11.043999999999995,30.218000000000004,Main_Floor_E,Deployment_A,unknown,16,0.58,0.15,,,0.5654761904761905,9.72735056159091,-3.4788280222490258,0.979692063711344
A048,43124,57.83061163157407,54.587,6.500655551368439,46.871,79.5,50.707,51.272,52.435,62.902,68.0847,69.396,0.3837306372321677,0.2130600129858083,0.0328355440126147,0.0,0.0105509692978387,0.517322140803265,10.467,32.629,Main_Floor_E,Deployment_A,unknown,16,0.31,0.15,,,0.4404761904761904,10.274847359070924,-2.3951180463513424,0.9662582014716424
A049,43124,62.93766712271589,59.297,7.519710553140852,52.761,84.935,55.011,55.571,56.9,68.89,75.209,76.652,0.4665383545125684,0.3399267229385029,0.2319126240608477,0.0,0.0,0.049786661719692,11.990000000000002,32.174,Main_Floor_E,Deployment_A,unknown,16,0.44,0.15,,,0.8065476190476191,11.262949912037037,-3.020847120103433,0.9758440165973792
A050,43125,59.49454866086956,55.348,8.632312862942479,48.739,84.868,51.217,51.902,53.261,64.902,71.516,79.967,0.3446260869565217,0.2474434782608695,0.1216927536231884,0.0,0.0053333333333333,0.4765217391304348,11.640999999999998,36.129,Main_Floor_E,Deployment_A,unknown,16,0.31,0.86,,,0.613095238095238,12.276919287037051,-1.0759910889631428,0.9607501196878374
A051,41697,60.280962755114274,56.516,7.756586333182213,51.359,85.088,52.484,52.857,53.615,66.38,72.593,74.363,0.4375374727198599,0.2774060483967671,0.1804686188454805,0.0,0.0,0.4402235172794206,12.764999999999992,33.72899999999999,Main_Floor_E,Deployment_A,unknown,16,0.9,0.15,,,0.7767857142857143,10.68479554937992,-3.4994141378077828,0.9749991395791372
A052,5369,61.56214360216055,57.82,7.408129235595831,53.139,80.857,54.9574,55.333,56.075,69.133,74.2634,75.719,0.3492270441422984,0.2862730489849134,0.2357981002048798,0.0,0.0,0.0596014155336189,13.057999999999993,27.718,Main_Floor_E,Deployment_A,unknown,16,0.72,0.15,,,0.8065476190476191,10.578980037529604,-3.546028018433425,0.8179526128139626
A053,835,64.42499401197605,64.0,3.408699025189651,55.333,77.0,60.0,60.7868,62.25,65.9285,69.5,71.1304,0.9568862275449102,0.3532934131736527,0.0898203592814371,0.0,0.0,0.0,3.6785,21.667,Main_Floor_E,Deployment_A,unknown,16,0.18,0.86,,,0.4375,3.5631248073374024,-1.1664254614639873,0.3377659826804185
A054,41698,61.170878099669046,58.043,6.4712938994926565,50.857,81.956,54.576,55.209,56.429,66.714,71.121,73.06615000000001,0.3814571442275409,0.2803012134874574,0.1459782243752698,0.0,0.0,0.0816585927382608,10.284999999999997,31.099000000000004,Main_Floor_E,Deployment_A,unknown,16,0.44,0.86,,,0.6577380952380952,9.067217435780217,-2.540314641827834,0.9739707746850126
A055,41698,61.65474634275025,56.337,9.52751486899732,51.275,84.802,53.076,53.6438,54.859,71.132,77.714,79.75,0.3294162789582234,0.3103506163365149,0.2679265192575183,0.0,0.0,0.2786944217948103,16.273000000000003,33.52700000000001,Main_Floor_E,Deployment_A,unknown,16,0.73,0.86,,,0.8839285714285715,12.366081392299428,-4.348248028561997,0.9668089414620592
A056,29560,59.55003582543978,56.333,5.910062666215885,51.0,78.25,54.333,54.667,55.3,64.571,69.667,71.0,0.3187753721244926,0.2402232746955345,0.0918809201623816,0.0,0.0,0.1814276048714479,9.271,27.25,Main_Floor_E,Deployment_A,unknown,16,0.72,0.47,,,0.5625,8.044124725337888,-2.4896745434330896,0.9674555464336476
