sensor_a,sensor_b,mean_diff_db,iqr_diff_db,quiet55_diff,high65_diff,high70_diff,substantial_dynamic_difference
A001,A009,0.6255072767543695,11.593000000000004,0.4571805242151708,0.0643437780488945,0.2069900663276506,True
A001,A013,0.7668256695652147,12.893999999999998,0.4663188405797101,0.0754782608695652,0.3255652173913044,True
A001,A018,0.7460982380780479,13.959750000000009,0.2883630260616232,0.0728924834014165,0.2561372979933923,True
A001,A032,0.2469375760219065,10.0745,0.4663188405797101,0.0233838919549512,0.1598752277112217,True
A001,A033,0.8963859478260829,6.680999999999996,0.4660405797101449,0.0389101449275361,0.0728347826086956,True
A001,A037,0.988170968115945,7.507000000000003,0.3136231884057971,0.0315826086956522,0.1332173913043478,True
A001,A043,0.4227753505361207,9.052750000000003,0.4595079623601313,0.0288087341623446,0.1743947887536399,True
A001,A045,0.7103286619630822,13.223000000000006,0.4663188405797101,0.0988887815829303,0.2066985491632477,True
A001,A049,0.8665687111216869,8.320999999999998,0.4165321788600181,0.002937045177439,0.1059192599971232,True
A001,A052,0.5089548094336465,7.253000000000007,0.4067174250460912,0.0565907191310285,0.1020337838530912,True
A001,A054,0.9002203119251533,10.026000000000003,0.3846602478414493,0.0625625546284845,0.1918536596827011,True
A001,A055,0.416352068843949,4.037999999999997,0.1876244187848998,0.032513151779427,0.0699053648004526,True
A002,A005,0.5220345135114144,3.464500000000008,0.1968015098462837,0.0797554635643152,0.0610390671339668,True
A002,A008,0.1888644386638986,1.2380000000000069,0.0608448669653104,0.0143398549105094,0.0483526389379249,False
A002,A009,0.5751495793008274,1.8250000000000028,0.1273935071225103,0.0081024738630228,0.008365471160999,True
A002,A013,0.4338311864899822,3.1259999999999977,0.1365318234870496,0.0192369566836935,0.1102096799026547,True
A002,A015,0.2087577784847951,4.759999999999998,0.1336109271070457,0.1152711902277144,0.1175922247535772,True
A002,A017,0.1332181816259634,2.6809999999999974,0.0947695046464698,0.0535557972634037,0.0838444625113503,False
A002,A021,0.1418342461063559,4.965999999999994,0.1365318234870496,0.0976214197254062,0.0921015931176447,True
A002,A036,0.1251670280027639,1.336000000000004,0.0511087562230953,0.0054586954902194,0.0733265519814033,False
A002,A037,0.2124858879392519,2.260999999999997,0.0161638286868634,0.0246586954902194,0.0821381461843019,False
A002,A041,0.344616836698421,3.230000000000004,0.1346303742116873,0.057312319002534,0.0949517088881619,True
A002,A043,0.7778815055190762,0.7152499999999975,0.1297209452674708,0.0850500383482164,0.0409607487350097,True
A002,A045,0.4903281940921147,3.4550000000000054,0.1365318234870496,0.0426474773970586,0.0086569883254019,True
A002,A051,0.5894788004247289,2.2219999999999924,0.303691693792371,0.0092164155333032,0.0579922722761591,True
A002,A052,0.6917020466215504,2.514999999999993,0.0769304079534307,0.0003494149451568,0.1133217536355584,False
A002,A054,0.3004365441300436,0.2580000000000026,0.0548732307487887,0.0063212504426128,0.0235018778059485,False
A002,A055,0.7843047872112479,5.730000000000004,0.1421625983077607,0.0237281524064446,0.145450172688197,True
A003,A004,0.944734223130638,2.000999999999996,0.0108860470094795,0.0229197405312831,0.0246490309412912,False
A003,A010,0.1362036574038541,3.927999999999996,0.0281337441002688,0.0701715885798616,0.0250679776323291,True
A003,A011,0.8644792931186842,3.475999999999992,0.0077793844854561,0.1277284722452891,0.0308378666731682,True
A003,A012,0.5877903151431525,0.9010000000000052,0.0452656951226343,0.0013609939576993,0.0233630915220124,False
A003,A019,0.6423075758379468,5.722999999999997,0.0102119544853914,0.1633130989734527,0.0324534535109286,True
A003,A023,0.1335971332755647,0.2649999999999917,0.0759545327006653,0.0387150420774125,0.0214031429717523,False
A003,A026,0.5974060435360329,1.600999999999997,0.0625284457441436,0.0201603202414281,0.0126838135499867,False
A003,A027,0.339533187944788,6.041999999999991,0.0801097289347142,0.073230620550753,0.0234872796556869,True
A003,A046,0.4671182437751042,5.99,0.0530357343315538,0.0415596526687123,0.0244865233628756,True
A004,A012,0.3569439079874854,2.902000000000001,0.0343796481131547,0.0242807344889825,0.0012859394192787,False
A004,A023,0.8111370898550732,1.7360000000000042,0.0868405797101449,0.0616347826086956,0.0460521739130435,False
A004,A025,0.8958968347826044,5.125,0.0156289855072463,0.0488115942028985,0.0019246376811594,True
A004,A027,0.6052010351858499,4.040999999999995,0.0909957759441938,0.0503108800194698,0.0011617512856041,True
A004,A038,0.6905831884057889,2.7000000000000046,0.0456579710144927,0.0210782608695652,0.0117333333333334,False
A004,A046,0.4776159793555337,3.989000000000004,0.0639217813410334,0.0186399121374291,0.0001625075784155,True
A005,A008,0.7108989521753131,2.226500000000001,0.2576463768115942,0.0654156086538058,0.1093917060718917,True
A005,A013,0.9558657000013966,6.590500000000006,0.3333333333333333,0.0989924202480088,0.0491706127686879,True
A005,A015,0.3132767350266192,8.224500000000006,0.3304124369533295,0.1950266537920297,0.0565531576196104,True
A005,A017,0.3888163318854509,6.1455000000000055,0.2915710144927536,0.133311260827719,0.0228053953773835,True
A005,A021,0.3802002674050584,8.430500000000002,0.3333333333333333,0.1773768832897214,0.031062525983678,True
A005,A028,0.56621179565078,8.985500000000009,0.3333333333333333,0.2242098115523565,0.0525097432034705,True
A005,A036,0.3968674855086505,2.1285000000000043,0.1456927536231884,0.0742967680740958,0.1343656191153701,True
A005,A037,0.7345204014506663,1.203500000000011,0.1806376811594203,0.0550967680740958,0.1431772133182687,True
A005,A041,0.1774176768129933,6.694500000000012,0.331431884057971,0.1370677825668493,0.0339126417541951,True
A005,A050,0.8538583811580267,2.366500000000009,0.1431884057971014,0.118934449233516,0.0602554741878339,True
A005,A051,0.0674442869133145,1.2425000000000157,0.1068901839460872,0.0889718790976185,0.1190313394101259,True
A005,A054,0.822471057641458,3.722500000000011,0.2516747405950725,0.0860767140069281,0.0845409449399153,True
A005,A056,0.7983712165878103,4.736500000000007,0.1519057284618854,0.126154652798851,0.0304436407270271,True
A006,A014,0.5216736175392782,0.4239999999999995,0.041109689187335,0.0002613688886018,0.1486765315318951,False
A006,A020,0.1968826259389899,3.9440000000000026,0.2210285297670452,0.0708932529465729,0.1515518938507356,True
A006,A022,0.281771885075031,4.847999999999999,0.4589749637523201,0.0847186446603624,0.1420773672508322,True
A006,A024,0.1995754259389883,5.730000000000004,0.4766807036800887,0.1268236877291816,0.1556562416768226,True
A006,A028,0.8966864056491275,7.054000000000001,0.4777705587525524,0.1085744123668627,0.1522939228362429,True
A006,A029,0.4164168059450688,5.765999999999998,0.1166874122619403,0.0631125441548763,0.0513234684681049,True
A006,A031,0.501340910292889,1.5349999999999966,0.136414037013422,0.0722149920770077,0.1433431981985617,True
A006,A047,0.3007364044413165,1.0320000000000054,0.014882363937794,0.0063357581744377,0.0314126680267617,False
A006,A050,0.6090398201418807,0.4350000000000023,0.0012488196221176,0.0032990500480222,0.0395287054449385,False
A006,A056,0.6645269847120971,2.805,0.2963429538811045,0.0105192536133572,0.0693405389057453,True
A007,A014,0.7757692985507205,0.6250000000000089,0.0767536231884057,0.0217507246376812,0.0309101449275363,False
A007,A016,0.1329931889873421,3.923249999999994,0.0188778945440391,0.1210421778052521,0.0394398012684022,True
A007,A025,0.4016628173913048,3.505999999999992,0.0338550724637681,0.1051130434782608,0.0374028985507247,True
A007,A029,0.8810261101449299,5.967000000000008,0.0810434782608695,0.0851246376811594,0.1690898550724638,True
A007,A031,0.7961020057971098,1.3339999999999872,0.1720579710144927,0.0502028985507246,0.0255768115942028,True
A007,A038,0.6069764637681203,1.080999999999996,0.0951420289855072,0.0352231884057969,0.0237449275362318,False
A007,A048,0.2425457069363901,1.4079999999999906,0.0039076480496418,0.0156704217968003,0.0106195284511533,False
A008,A009,0.3862851406369287,3.063000000000009,0.0665486401571998,0.0224423287735323,0.0399871677769259,True
A008,A013,0.2449667478260835,4.364000000000004,0.0756869565217391,0.0335768115942029,0.1585623188405797,True
A008,A015,0.3976222171486938,5.998000000000005,0.0727660601417353,0.1296110451382239,0.1659448636915022,True
A008,A017,0.3220826202898621,3.919000000000004,0.0339246376811593,0.0678956521739131,0.1321971014492753,True
A008,A021,0.3306986847702546,6.204000000000001,0.0756869565217391,0.1119612746359156,0.1404542320555697,True
A008,A036,0.3140314666666626,0.0979999999999972,0.1119536231884058,0.0088811594202899,0.0249739130434783,True
A008,A037,0.0236214492753532,1.0229999999999908,0.0770086956521739,0.01031884057971,0.0337855072463769,False
A008,A041,0.5334812753623197,4.468000000000011,0.0737855072463768,0.0716521739130435,0.1433043478260869,True
A008,A043,0.5890170668551775,0.5227500000000092,0.0688760783021602,0.0707101834377069,0.0073918902029151,False
A008,A045,0.301463755428216,4.693000000000012,0.0756869565217391,0.056987332307568,0.039695650612523,True
A008,A051,0.7783432390886276,0.9839999999999858,0.3645365607576815,0.0235562704438126,0.0096396333382342,True
A008,A052,0.5028376079576518,1.2769999999999868,0.0160855409881202,0.0146892698556663,0.0649691146976335,False
A008,A054,0.1115721054661449,1.496000000000009,0.0059716362165217,0.0206611053531223,0.0248507611319764,False
A008,A055,0.5954403485473492,4.491999999999997,0.2030074652730712,0.0093882974959351,0.097097533750272,True
A009,A013,0.1413183928108452,1.3009999999999948,0.0091383163645393,0.0111344828206706,0.1185751510636537,False
A009,A015,0.7839073577856226,2.934999999999995,0.0062174199845355,0.1071687163646916,0.1259576959145762,True
A009,A017,0.7083677609267909,0.8559999999999945,0.0326240024760404,0.0454533234003808,0.0922099336723493,False
A009,A021,0.7169838254071834,3.140999999999991,0.0091383163645393,0.0895189458623833,0.1004670642786438,True
A009,A032,0.872444852776276,1.518500000000003,0.0091383163645393,0.0409598860939433,0.0471148386164289,False
A009,A036,0.7003166073035914,3.1610000000000067,0.1785022633456056,0.0135611693532423,0.0649610808204043,True
A009,A037,0.3626636913615755,4.086,0.1435573358093737,0.0327611693532423,0.0737726750233029,True
A009,A041,0.9197664159992484,1.4050000000000011,0.007236867089177,0.0492098451395112,0.1033171800491609,False
A009,A043,0.2027319262182487,2.5402500000000003,0.0023274381449605,0.0931525122112392,0.0325952775740107,False
A009,A045,0.0848213852087127,1.6300000000000026,0.0091383163645393,0.0345450035340357,0.0002915171644028,False
A009,A052,0.116552467320723,4.339999999999996,0.0504630991690795,0.0077530589178659,0.1049562824745594,True
A009,A054,0.2747130351707838,1.5670000000000002,0.0725202763737215,0.0017812234204099,0.0151364066449495,False
A009,A055,0.2091552079104204,7.555000000000007,0.269556105430271,0.0318306262694674,0.137084701527198,True
A010,A011,0.7282756357148301,0.4520000000000035,0.0359131285857249,0.0575568836654275,0.005769889040839,False
A010,A012,0.7239939725470066,4.829000000000001,0.0171319510223655,0.071532582537561,0.0017048861103167,True
A010,A019,0.5061039184340927,1.7950000000000017,0.0383456985856602,0.0931415103935911,0.0073854758785994,False
A010,A023,0.2698007906794188,3.663000000000004,0.1040882768009341,0.1088866306572741,0.0464711206040815,True
A010,A026,0.4612023861321788,2.326999999999998,0.0906621898444124,0.0500112683384335,0.0123841640823424,False
A010,A027,0.4757368453486421,2.1139999999999954,0.108243473034983,0.0030590319708913,0.0015806979766421,True
A010,A046,0.6033219011789583,2.0620000000000047,0.0811694784318226,0.0286119359111493,0.0005814542694535,False
A011,A019,0.2221717172807373,2.247000000000005,0.0024325699999353,0.0355846267281635,0.0016155868377604,False
A011,A023,0.998076426394249,3.2110000000000003,0.0681751482152092,0.1664435143227016,0.0522410096449205,True
A011,A026,0.2670732495826513,1.874999999999995,0.0547490612586875,0.107568152003861,0.0181540531231814,True
A012,A023,0.4541931818675877,1.1659999999999968,0.1212202278232996,0.0373540481197131,0.0447662344937647,True
A012,A027,0.2482571271983644,6.942999999999996,0.1253754240573485,0.0745916145084524,0.0001241881336745,True
A012,A046,0.1206720713680482,6.891000000000005,0.0983014294541881,0.0429206466264117,0.0011234318408631,True
A013,A015,0.6425889649747774,1.6340000000000003,0.0029208963800038,0.0960342335440209,0.0073825448509224,False
A013,A017,0.5670493681159456,0.4450000000000003,0.0417623188405797,0.0343188405797101,0.0263652173913044,False
A013,A021,0.5756654325963382,1.8399999999999963,0.0,0.0783844630417126,0.0181080867850099,False
A013,A036,0.5589982144927461,4.4620000000000015,0.1876405797101449,0.024695652173913,0.183536231884058,True
A013,A037,0.2213452985507302,5.386999999999995,0.152695652173913,0.043895652173913,0.1923478260869566,True
A013,A041,0.7784480231884032,0.1040000000000063,0.0019014492753623,0.0380753623188405,0.0152579710144928,False
A013,A043,0.344050319029094,3.841249999999995,0.0068108782195788,0.1042869950319099,0.1511704286376645,True
A013,A045,0.0564970076021325,0.3290000000000077,0.0,0.023410520713365,0.1188666682280566,False
A013,A052,0.2578708601315682,5.640999999999991,0.0596014155336189,0.0188875417385366,0.2235314335382132,True
A013,A054,0.1333946423599386,2.867999999999995,0.0816585927382608,0.0129157062410806,0.1337115577086032,False
A013,A055,0.3504736007212656,8.856000000000002,0.2786944217948103,0.0429651090901381,0.2556598525908517,True
A014,A016,0.9087624875380628,4.548250000000003,0.0578757286443666,0.1427929024429333,0.0085296563408659,True
A014,A020,0.7185562434782682,4.368000000000002,0.1799188405797102,0.070631884057971,0.0028753623188405,True
A014,A022,0.8034455026143092,5.271999999999999,0.417865274564985,0.0844572757717605,0.0065991642810629,True
A014,A024,0.7212490434782666,6.154000000000004,0.4355710144927537,0.1265623188405797,0.0069797101449275,True
A014,A029,0.1052568115942094,5.341999999999999,0.1577971014492753,0.0633739130434782,0.2000000000000001,True
A014,A031,0.0203327072463892,1.958999999999996,0.0953043478260869,0.0719536231884058,0.0053333333333334,False
A014,A047,0.8224100219805948,1.4560000000000048,0.026227325249541,0.0065971270630396,0.1172638635051333,False
A014,A048,0.5332235916143304,2.0329999999999995,0.0806612712380476,0.0374211464344815,0.0202906164763829,False
A015,A017,0.0755395968588317,2.0790000000000006,0.0388414224605759,0.0617153929643107,0.0337477622422269,False
A015,A021,0.0669235323784391,0.2059999999999959,0.0029208963800038,0.0176497705023082,0.0254906316359324,False
A015,A028,0.8794885306773992,0.7610000000000019,0.0029208963800038,0.0291831577603268,0.0040434144161399,False
A015,A036,0.0835907504820312,6.096000000000002,0.184719683330141,0.1207298857179339,0.1909187767349805,True
A015,A037,0.4212436664240471,7.020999999999996,0.1497747557939092,0.1399298857179339,0.1997303709378791,True
A015,A041,0.1358590582136258,1.529999999999994,0.0010194471046415,0.0579588712251804,0.0226405158654153,False
A015,A043,0.9866392840038714,5.475249999999996,0.0038899818395749,0.2003212285759308,0.158552973488587,True
A015,A045,0.6990859725769099,1.3049999999999926,0.0029208963800038,0.0726237128306558,0.1262492130789791,False
A015,A051,0.3807210219399337,6.98199999999999,0.4373026208994168,0.1060547746944112,0.1755844970297363,True
A015,A052,0.9004598251063456,7.274999999999991,0.0566805191536151,0.1149217752825575,0.2309139783891357,True
A015,A054,0.5091943226148388,4.501999999999995,0.078737696358257,0.1089499397851015,0.1410941025595257,True
A015,A055,0.993062565696043,10.490000000000002,0.2757735254148065,0.138999342634159,0.2630423974417742,True
A016,A025,0.2686696284039627,0.4172500000000028,0.0527329670078073,0.0159291343269913,0.0020369027176775,False
A016,A031,0.929095194784452,2.589250000000007,0.1531800764704536,0.0708392792545275,0.0138629896741993,True
A016,A038,0.4739832747807782,2.842249999999998,0.1140199235295464,0.0858189893994551,0.0156948737321703,True
A016,A048,0.3755388959237322,2.5152500000000035,0.0227855425936809,0.1053717560084517,0.0288202728172488,True
A017,A021,0.0086160644803925,2.2849999999999966,0.0417623188405797,0.0440656224620024,0.0082571306062945,False
A017,A028,0.9550281275362308,2.8400000000000025,0.0417623188405797,0.0908985507246376,0.029704347826087,False
A017,A036,0.0080511536231995,4.017000000000001,0.1458782608695651,0.0590144927536231,0.1571710144927536,True
A017,A037,0.3457040695652154,4.941999999999995,0.1109333333333333,0.0782144927536231,0.1659826086956522,True
A017,A041,0.2113986550724576,0.5490000000000066,0.0398608695652174,0.0037565217391303,0.0111072463768116,False
A017,A043,0.9110996871450396,3.396249999999995,0.0349514406210009,0.1386058356116201,0.1248052112463601,True
A017,A045,0.6235463757180781,0.774000000000008,0.0417623188405797,0.0109083198663451,0.0925014508367522,False
A017,A051,0.4562606187987654,4.90299999999999,0.3984611984388409,0.0443393817301004,0.1418367347875095,True
A017,A052,0.8249202282475139,5.195999999999991,0.0178390966930391,0.0532063823182468,0.1971662161469088,True
A017,A054,0.433654725756007,2.4229999999999947,0.0398962738976811,0.0472345468207908,0.1073463403172988,False
A017,A055,0.9175229688372112,8.411000000000001,0.2369321029542306,0.0772839496698483,0.2292946351995473,True
A018,A032,0.4991606620561413,3.8852500000000063,0.1779558145180869,0.0962763753563678,0.0962620702821705,True
A018,A033,0.150287709748035,7.278750000000011,0.1776775536485217,0.0339823384738803,0.1833025153846966,True
A018,A039,0.5822196365524448,3.7047500000000015,0.1779558145180869,0.0660887247210108,0.1298476926174379,True
A018,A049,0.120470473043639,5.638750000000009,0.1281691527983949,0.0758295285788556,0.1502180379962689,True
A019,A023,0.7759047091135116,5.4580000000000055,0.0657425782152738,0.2020281410508652,0.0538565964826809,True
A019,A026,0.0449015323019139,4.122,0.0523164912587521,0.1431527787320246,0.0197696399609418,True
A019,A027,0.9818407637827348,0.3189999999999937,0.0698977744493227,0.0900824784226997,0.0089661738552415,False
A020,A022,0.084889259136041,0.9039999999999964,0.2379464339852748,0.0138253917137894,0.0094745265999034,True
A020,A024,0.0026927999999983,1.7860000000000014,0.2556521739130435,0.0559304347826086,0.0041043478260869,True
A020,A028,0.6998037797101375,3.1099999999999985,0.2567420289855072,0.0376811594202897,0.0007420289855072,True
A020,A029,0.6132994318840588,9.71,0.3377159420289855,0.1340057971014493,0.2028753623188406,True
A020,A031,0.6982235362318789,2.409000000000006,0.0846144927536232,0.0013217391304347,0.0082086956521739,False
A020,A047,0.1038537785023265,2.9119999999999973,0.2061461658292512,0.0772290111210106,0.1201392258239738,True
A020,A050,0.4121571942028907,3.5090000000000003,0.2197797101449276,0.0675942028985507,0.1120231884057971,True
A020,A056,0.4676443587731071,1.139000000000003,0.0753144241140592,0.0603739993332157,0.0822113549449903,False
A021,A028,0.9464120630558384,0.5550000000000059,0.0,0.0468329282626351,0.0214472172197925,False
A021,A036,0.016667218103592,6.301999999999998,0.1876405797101449,0.1030801152156256,0.1654281450990481,True
A021,A037,0.3543201340456079,7.226999999999991,0.152695652173913,0.1222801152156256,0.1742397393019467,True
A021,A041,0.202782590592065,1.73599999999999,0.0019014492753623,0.0403091007228721,0.002850115770517,False
A021,A043,0.9197157516254322,5.681249999999992,0.0068108782195788,0.1826714580736226,0.1330623418526546,True
A021,A045,0.6321624401984707,1.5109999999999886,0.0,0.0549739423283476,0.1007585814430467,False
A021,A051,0.4476445543183729,7.187999999999986,0.4402235172794206,0.0884050041921029,0.1500938653938039,True
A021,A052,0.8335362927279064,7.480999999999987,0.0596014155336189,0.0972720047802493,0.2054233467532032,True
A021,A054,0.4422707902363996,4.707999999999991,0.0816585927382608,0.0913001692827933,0.1156034709235933,True
A021,A055,0.9261390333176038,10.695999999999998,0.2786944217948103,0.1213495721318508,0.2375517658058418,True
A022,A024,0.0821964591360426,0.882000000000005,0.0177057399277686,0.0421050430688191,0.0135788744259904,False
A022,A028,0.6149145205740965,2.206000000000002,0.0187955950002323,0.0238557677065003,0.0102165555854107,False
A022,A029,0.6981886910200998,10.613999999999995,0.5756623760142604,0.1478311888152388,0.1934008357189371,True
A022,A031,0.78311279536792,3.3130000000000024,0.3225609267388981,0.0125036525833547,0.0012658309477294,True
A022,A047,0.0189645193662855,3.8159999999999936,0.4440925998145261,0.0910544028348001,0.1106646992240704,True
A022,A050,0.3272679350668497,4.412999999999997,0.4577261441302024,0.0814195946123401,0.1025486618058937,True
A022,A056,0.3827550996370661,2.043,0.1626320098712156,0.0741993910470052,0.0727368283450869,True
A023,A026,0.7310031768115977,1.3360000000000056,0.0134260869565216,0.0588753623188406,0.0340869565217391,False
A023,A027,0.2059360546692232,5.776999999999999,0.0041551962340489,0.1119456626281655,0.0448904226274393,True
A023,A046,0.3335211104995395,5.7250000000000085,0.0229187983691114,0.0802746947461248,0.0458896663346279,True
A024,A028,0.6971109797101391,1.3239999999999972,0.0010898550724637,0.0182492753623188,0.0033623188405797,False
A024,A029,0.6159922318840572,11.496000000000002,0.593368115942029,0.189936231884058,0.2069797101449275,True
A024,A031,0.7009163362318773,4.195000000000007,0.3402666666666667,0.0546086956521739,0.0123130434782609,True
A024,A047,0.1011609785023281,4.697999999999999,0.4617983397422947,0.1331594459036194,0.1242435736500608,True
A024,A050,0.4094643942028924,5.295000000000002,0.4754318840579711,0.1235246376811593,0.1161275362318841,True
A024,A056,0.4649515587731088,2.9250000000000043,0.1803377497989842,0.1163044341158244,0.0863157027710773,True
A025,A038,0.2053136463768154,2.4249999999999954,0.0612869565217391,0.0698898550724638,0.0136579710144928,False
A025,A048,0.6442085243276949,2.0980000000000008,0.0299474244141263,0.0894426216814604,0.0267833700995713,False
A026,A027,0.9369392314808208,4.440999999999994,0.0175812831905706,0.0530703003093249,0.0108034661057002,True
A027,A046,0.1275850558303162,0.0519999999999907,0.0270739946031604,0.0316709678820407,0.0009992437071885,False
A028,A036,0.9630792811594304,6.857000000000004,0.1876405797101449,0.1499130434782608,0.1868753623188406,True
A028,A041,0.7436294724637733,2.290999999999996,0.0019014492753623,0.0871420289855072,0.0185971014492754,False
A028,A047,0.5959500012078109,6.021999999999996,0.4628881948147584,0.1149101705413004,0.1208812548094811,True
A028,A050,0.2876465855072467,6.618999999999999,0.4765217391304348,0.1052753623188404,0.1127652173913044,True
A028,A051,0.4987675087374654,7.742999999999992,0.4402235172794206,0.135237932454738,0.1715410826135965,True
A028,A056,0.2321594209370303,4.249000000000001,0.1814276048714479,0.0980551587535055,0.0829533839304976,True
A029,A031,0.0849241043478201,7.300999999999995,0.2531014492753623,0.1353275362318841,0.1946666666666666,True
A029,A047,0.7171532103863854,6.798000000000004,0.1315697761997343,0.0567767859804386,0.0827361364948667,True
A029,A048,0.6384804032085398,7.374999999999998,0.0771358302112277,0.1007950594779598,0.1797093835236171,True
A030,A035,0.6317961456599761,4.194499999999991,0.0027097616715638,0.1163652344249031,0.1448194296583344,True
A030,A044,0.2879239720695778,6.508999999999979,0.0027097616715638,0.1595785770479864,0.1711536449770239,True
A030,A053,0.2028793148277401,0.9529999999999892,0.0027097616715638,0.0539137200623239,0.041828194736873,False
A031,A047,0.8020773147342055,0.5029999999999912,0.121531673075628,0.0785507502514454,0.1119305301717999,True
A031,A048,0.5535562988607197,0.0740000000000034,0.1759656190641346,0.0345324767539242,0.0149572831430495,True
A032,A033,0.6494483718041764,3.393500000000005,0.0002782608695652,0.0622940368824874,0.087040445102526,True
A032,A043,0.6697129265580273,1.0217499999999973,0.0068108782195788,0.0521926261172959,0.0145195610424181,False
A032,A045,0.9572662379849888,3.1485000000000056,0.0,0.075504889627979,0.046823321452026,True
A032,A049,0.6196311350997803,1.7535000000000025,0.049786661719692,0.0204468467775121,0.0539559677140984,False
A032,A052,0.755892385455553,2.821499999999993,0.0596014155336189,0.0332068271760773,0.0578414438581305,False
A032,A055,0.6632896448658556,6.036500000000004,0.2786944217948103,0.0091292598244758,0.0899698629107691,True
A033,A039,0.4319319268044097,3.5740000000000087,0.0002782608695652,0.0321063862471304,0.0534548227672586,True
A033,A049,0.029817236704396,1.6400000000000023,0.0495084008501268,0.0418471901049752,0.0330844773884276,False
A034,A035,0.9111520008395644,1.8022500000000008,0.0,0.1090961913578628,0.0152822533855306,True
A034,A040,0.2985434916739535,3.000250000000001,0.0,0.1612897842657041,0.0649581283051108,True
A035,A040,0.6126085091656108,1.1980000000000004,0.0,0.0521935929078413,0.0496758749195802,False
A035,A044,0.3438721735903982,2.314499999999988,0.0,0.0432133426230832,0.0263342153186894,False
A035,A053,0.8346754604877162,3.2415000000000016,0.0,0.0624515143625791,0.1029912349214614,True
A036,A037,0.3376529159420158,0.9249999999999936,0.0349449275362318,0.0191999999999999,0.0088115942028985,False
A036,A041,0.2194498086956571,4.566000000000008,0.1857391304347826,0.0627710144927535,0.1682782608695652,True
A036,A043,0.90304853352184,0.6207500000000064,0.1808297014905661,0.0795913428579969,0.0323658032463935,True
A036,A045,0.6154952220948786,4.791000000000009,0.1876405797101449,0.048106172887278,0.0646695636560014,True
A036,A051,0.464311772421965,0.8859999999999886,0.2525829375692757,0.0146751110235227,0.0153342797052441,True
A036,A052,0.8168690746243144,1.1789999999999896,0.128039164176526,0.0058081104353763,0.0399952016541551,True
A036,A054,0.4256035721328075,1.5940000000000063,0.105981986971884,0.0117799459328323,0.0498246741754548,True
A036,A055,0.9094718152140118,4.394,0.0910538420846654,0.0182694569162251,0.0721236207067937,True
A037,A041,0.557102724637673,5.491000000000001,0.1507942028985507,0.0819710144927535,0.1770898550724638,True
A037,A043,0.5653956175798243,1.54575,0.1458847739543342,0.0603913428579969,0.0411773974492921,True
A037,A045,0.2778423061528627,5.716000000000003,0.152695652173913,0.067306172887278,0.0734811578589,True
A037,A051,0.8019646883639808,0.039000000000005,0.2875278651055076,0.0338751110235227,0.0241458739081427,True
A037,A052,0.4792161586822985,0.253999999999996,0.0930942366402941,0.0250081104353763,0.0311836074512565,False
A037,A054,0.0879506561907916,2.519,0.0710370594356522,0.0309799459328323,0.0586362683783533,False
A037,A055,0.5718188992719959,3.4690000000000065,0.1259987696208973,0.0009305430837748,0.0633120265038951,True
A038,A048,0.8495221707045104,0.3269999999999946,0.0912343809358654,0.0195527666089966,0.0131253990850785,False
A039,A049,0.4617491635088058,1.9340000000000064,0.049786661719692,0.0097408038578448,0.020370345378831,False
A040,A044,0.9564806827560092,1.1164999999999878,0.0,0.0954069355309246,0.0233416596008907,False
A041,A045,0.8349450307905357,0.2250000000000014,0.0019014492753623,0.0146648416054754,0.1036086972135638,False
A041,A051,0.2448619637263078,5.451999999999996,0.4383220680040583,0.0480959034692308,0.1529439811643211,True
A041,A054,0.6450533808284646,2.9720000000000013,0.0797571434628985,0.0509910685599211,0.1184535866941104,False
A041,A056,0.9757888934008035,1.9580000000000053,0.1795261555960856,0.0109131297679982,0.0643562824812222,True
A043,A045,0.2875533114269615,4.170250000000003,0.0068108782195788,0.127697515745275,0.0323037604096078,True
A043,A052,0.0861794588975257,1.799749999999996,0.0527905373140401,0.0853994532933732,0.0723610049005487,False
A043,A054,0.4774449613890326,0.9732500000000002,0.074847714518682,0.0913712887908292,0.0174588709290612,False
A043,A055,0.0064232816921716,5.014750000000007,0.2718835435752315,0.0613218859417717,0.1044894239531872,True
A044,A053,0.490803286897318,5.55599999999999,0.0,0.1056648569856624,0.1293254502401509,True
A045,A052,0.2013738525294357,5.969999999999999,0.0596014155336189,0.0422980624519017,0.1046647653101565,True
A045,A054,0.189891649962071,3.1970000000000027,0.0816585927382608,0.0363262269544457,0.0148448894805466,True
A045,A055,0.2939765931191331,9.18500000000001,0.2786944217948103,0.0663756298035032,0.1367931843627951,True
A047,A050,0.3083034157005642,0.5970000000000031,0.0136335443156763,0.0096348082224599,0.0081160374181767,False
A047,A056,0.3637905802707806,1.7729999999999944,0.2814605899433104,0.0168550117877949,0.0379278708789835,True
A050,A051,0.7864140942447122,1.1239999999999934,0.0362982218510141,0.0299625701358975,0.058775865222292,False
A050,A056,0.0554871645702164,2.369999999999997,0.2950941342589869,0.0072202035653349,0.0298118334608068,True
A051,A054,0.8899153445547725,2.479999999999995,0.3585649245411598,0.0028951650906903,0.0344903944702106,True
A051,A056,0.7309269296744958,3.493999999999991,0.2587959124079727,0.0371827737012325,0.0885876986830988,True
A052,A054,0.3912655024915068,2.772999999999996,0.0220571772046419,0.005971835497456,0.0898198758296099,False
A052,A055,0.0926027405896974,3.2150000000000105,0.2190930062611914,0.0240775673516014,0.0321284190526385,True
A054,A055,0.4838682430812042,5.988000000000007,0.1970358290565494,0.0300494028490574,0.1219482948822485,True
